competitor,event_type,strategic_impact,event_date
Miles LLC,Acquisition,Low,2025-12-17
"Stevenson, Medina and Porter",Price Cut,High,2025-11-24
Little-Scott,New Product Launch,High,2025-12-17
Johnson LLC,Acquisition,High,2025-11-20
Vargas-Harris,New Product Launch,Low,2025-11-14
"Johnson, Jimenez and Miranda",Layoffs,Low,2025-12-09
Edwards LLC,New Product Launch,Medium,2025-12-08
"Cabrera, Snyder and Rhodes",Layoffs,Medium,2025-11-12
Keller-Johnson,Layoffs,Low,2025-12-04
"Hamilton, George and Maynard",Layoffs,High,2025-12-02
Dixon-Mcdonald,Price Cut,Low,2025-11-29
Brown and Sons,New Product Launch,Medium,2025-11-28
Spencer LLC,Price Cut,Medium,2025-12-14
Bowen Inc,Price Cut,Low,2025-12-21
"Jordan, Sims and Carpenter",Acquisition,High,2025-11-12
"Henderson, Green and Wright",Price Cut,High,2025-11-20
"Miller, Mendoza and Boyle",Acquisition,High,2025-12-04
"Beck, White and Wilkins",New Product Launch,Medium,2025-12-16
Gilmore-Meadows,Acquisition,High,2025-12-05
Olson Group,Acquisition,Medium,2025-12-08
Craig Ltd,New Product Launch,Low,2025-12-19
Evans and Sons,Layoffs,Medium,2025-11-19
Sanchez Group,Layoffs,High,2025-11-24
"Miranda, Henderson and Mitchell",Acquisition,Low,2025-12-22
"Clark, Smith and Faulkner",Price Cut,High,2025-12-12
Dillon-Young,Price Cut,Low,2025-12-16
"Fuller, Bailey and Mccullough",Layoffs,Medium,2025-11-24
Smith Group,Acquisition,High,2025-11-24
"Martinez, Wells and Ashley",Price Cut,Low,2025-12-19
Henry-Clark,New Product Launch,Medium,2025-12-08
"Martinez, Ferguson and James",Price Cut,Medium,2025-12-05
Johnson-James,Acquisition,High,2025-12-20
"Armstrong, Rodgers and Foley",Layoffs,Low,2025-12-18
Miller-Robertson,Acquisition,High,2025-11-13
"Adams, Duffy and Ramos",Layoffs,Low,2025-12-15
Brown and Sons,Acquisition,Medium,2025-12-11
Bennett LLC,Price Cut,High,2025-11-20
Gross and Sons,Acquisition,Low,2025-11-20
Williams Inc,Layoffs,High,2025-11-20
"Simpson, Anderson and Brown",New Product Launch,High,2025-12-02
Carroll and Sons,Price Cut,Medium,2025-11-12
Guzman-Glover,Layoffs,Low,2025-12-23
"Lee, Brooks and Bradshaw",Price Cut,High,2025-11-29
Jones-Rogers,Price Cut,Low,2025-12-05
"Patterson, Murillo and Parrish",Layoffs,Medium,2025-12-02
"Graham, Bell and Rodriguez",Acquisition,Low,2025-11-29
Johnston LLC,New Product Launch,Medium,2025-11-21
"Hernandez, Moore and Aguilar",Price Cut,Medium,2025-12-07
Taylor Group,New Product Launch,High,2025-12-07
"White, Valdez and Gordon",Acquisition,High,2025-12-07
"Thomas, Hernandez and Stevens",Layoffs,High,2025-11-12
"Patton, Williams and Howard",New Product Launch,Medium,2025-11-14
Li PLC,Layoffs,Medium,2025-12-24
Williams Ltd,New Product Launch,Medium,2025-11-15
"Gaines, Reed and Cruz",Acquisition,Medium,2025-12-06
"Garcia, Armstrong and Baker",Acquisition,Low,2025-12-25
Harvey LLC,Price Cut,Low,2025-12-11
"Hardy, Ruiz and Arroyo",Acquisition,Low,2025-12-23
"Gomez, Hughes and Henry",Layoffs,High,2025-11-13
"Jimenez, White and Hardin",Acquisition,Medium,2025-11-28
Jones Inc,Layoffs,High,2025-12-22
Holmes Inc,Acquisition,Medium,2025-11-13
Payne and Sons,Layoffs,Medium,2025-11-13
Smith LLC,Layoffs,High,2025-12-14
"Zhang, Delgado and Sanders",Price Cut,Low,2025-12-18
Martinez Inc,Acquisition,Low,2025-12-20
Chen LLC,Acquisition,Low,2025-11-22
"Gordon, Blevins and Thompson",Acquisition,Medium,2025-11-26
Mclaughlin-Camacho,New Product Launch,Low,2025-11-18
Cervantes-Morrison,Acquisition,High,2025-12-07
Gardner-Dawson,Layoffs,High,2025-12-13
Cook Inc,New Product Launch,Medium,2025-11-17
"Guzman, Boyd and Fisher",Acquisition,Low,2025-12-14
Humphrey-Cruz,Acquisition,Low,2025-12-12
"Williams, Barrett and Lozano",Price Cut,Medium,2025-11-19
"Brown, Munoz and Ferguson",Acquisition,Medium,2025-12-11
Duffy-Jones,Acquisition,Medium,2025-11-30
"Stone, Patterson and Stewart",Layoffs,Medium,2025-12-12
Ellis-Compton,New Product Launch,High,2025-11-29
Weber-Lopez,New Product Launch,Low,2025-11-24
Sims-Harris,Acquisition,High,2025-11-21
White-Proctor,Layoffs,Medium,2025-12-17
Morgan LLC,New Product Launch,High,2025-11-29
Weaver and Sons,Price Cut,Medium,2025-11-21
Oconnor-Peterson,Acquisition,Low,2025-11-27
"Gonzales, Williams and Smith",Price Cut,Low,2025-11-22
Wu Inc,Price Cut,Medium,2025-11-28
Liu-Stone,Layoffs,High,2025-12-11
Lucero-Chandler,Price Cut,High,2025-12-01
"Hill, Brown and Owen",Acquisition,Low,2025-11-19
"Townsend, Sanford and Valdez",New Product Launch,Low,2025-11-18
"Rice, Kelly and Jackson",Acquisition,High,2025-12-09
Solis-Martinez,Layoffs,High,2025-12-13
George LLC,Price Cut,Low,2025-11-11
Scott PLC,Layoffs,Medium,2025-12-15
Hernandez-Leblanc,Layoffs,High,2025-12-23
"Anderson, Garcia and Diaz",Acquisition,Low,2025-12-16
Ritter-Gonzalez,Acquisition,Low,2025-12-06
"Benson, Ray and Campos",Layoffs,Medium,2025-12-01
Woods-Andrews,Acquisition,High,2025-12-03
Thompson-Brown,New Product Launch,High,2025-11-27
"Molina, Hughes and Andrews",Price Cut,Low,2025-11-21
"Castro, Frederick and Griffin",Acquisition,Medium,2025-12-25
Jefferson and Sons,Acquisition,High,2025-12-02
Lane Ltd,Acquisition,Medium,2025-12-21
Arnold PLC,Acquisition,Low,2025-11-18
"Colon, Long and Yu",New Product Launch,High,2025-11-22
Mcgrath-Campbell,Price Cut,Low,2025-12-01
"Garcia, Russell and Brown",Acquisition,Low,2025-12-05
Owens Group,Acquisition,Medium,2025-11-19
"Miller, Ellis and Porter",Price Cut,Medium,2025-12-22
Salazar Ltd,Acquisition,Medium,2025-12-25
Adams-Shaw,Price Cut,Low,2025-12-12
Price-Benitez,Price Cut,Low,2025-11-19
Collins-Powers,Layoffs,Low,2025-11-14
Patton PLC,Acquisition,Low,2025-12-15
Matthews and Sons,Price Cut,High,2025-11-30
Bates-Harris,Price Cut,Low,2025-11-23
Soto-Thomas,Price Cut,Low,2025-12-07
"Lynch, Jackson and Baker",Layoffs,Medium,2025-12-05
Perry-Rocha,Acquisition,Low,2025-11-11
"Tucker, Hays and Blevins",Layoffs,Low,2025-12-25
"Ayala, Rodriguez and Murphy",Acquisition,Medium,2025-11-17
"Riley, Parsons and Reeves",New Product Launch,High,2025-12-10
"Woodard, Bridges and Medina",Acquisition,High,2025-12-23
Hayes-Peters,Layoffs,Low,2025-11-29
Watts-Jones,Price Cut,Medium,2025-11-16
"White, Douglas and Potts",Layoffs,High,2025-12-25
Potter-Mccormick,New Product Launch,Low,2025-11-19
Reid PLC,Layoffs,High,2025-11-27
Schultz-Keller,Acquisition,Low,2025-11-18
Hobbs PLC,Layoffs,High,2025-11-15
Bradley Inc,New Product Launch,Medium,2025-11-14
"Wall, Moody and King",New Product Launch,Medium,2025-12-15
Gutierrez-Lucero,Layoffs,Medium,2025-12-03
Moore-Jones,Acquisition,High,2025-12-15
Morrow Ltd,Price Cut,Medium,2025-11-20
"Gonzalez, Allen and Moses",Price Cut,High,2025-12-14
Mcneil Group,New Product Launch,Medium,2025-12-23
Wright Inc,New Product Launch,Medium,2025-11-30
Taylor-Murphy,Layoffs,Medium,2025-11-15
Lewis-Anderson,Acquisition,High,2025-12-19
Moore Group,Layoffs,High,2025-11-25
Rose-Le,New Product Launch,High,2025-12-25
Garcia-Chang,New Product Launch,Low,2025-12-22
Luna Inc,Layoffs,High,2025-12-19
"Guzman, Terry and Sherman",New Product Launch,Low,2025-12-15
Campbell-Harding,Acquisition,Medium,2025-11-24
Gutierrez LLC,New Product Launch,High,2025-12-10
"Santos, Smith and Rice",Layoffs,Low,2025-11-13
Green-Barber,New Product Launch,Low,2025-12-16
"Peters, Singh and Williams",Layoffs,Medium,2025-12-23
"Brewer, Cameron and Johnson",Acquisition,Low,2025-11-13
"Paul, Bradley and Morgan",Layoffs,Medium,2025-12-20
Daniels-French,Acquisition,Medium,2025-11-13
"Gomez, Williams and Fritz",Acquisition,Low,2025-12-05
"Franklin, Gibbs and Porter",Layoffs,Medium,2025-12-10
Hunt LLC,Price Cut,Medium,2025-11-24
Hunt LLC,Price Cut,Low,2025-12-01
Daniels LLC,Layoffs,High,2025-12-21
"Faulkner, Brewer and Jackson",Acquisition,Medium,2025-12-19
"Barker, Hamilton and Nguyen",Layoffs,Low,2025-11-21
Gonzalez-Pham,Price Cut,Low,2025-12-13
Fisher and Sons,New Product Launch,Medium,2025-12-19
Shepherd Ltd,Acquisition,Low,2025-12-23
Drake-Johnson,Acquisition,High,2025-11-29
Frost LLC,Acquisition,Medium,2025-12-10
Green-Parks,New Product Launch,Medium,2025-12-21
Johnson Ltd,Acquisition,High,2025-12-19
"Clarke, King and Wells",New Product Launch,Low,2025-12-08
Bowman and Sons,Layoffs,High,2025-12-24
Ellis Inc,Price Cut,Medium,2025-11-23
"Waters, Dominguez and Warren",Price Cut,Medium,2025-11-19
Pittman and Sons,Acquisition,Low,2025-11-12
Little PLC,Acquisition,Medium,2025-12-19
"Lynch, Lewis and Jackson",Acquisition,High,2025-12-11
Clayton-Neal,Layoffs,High,2025-12-18
Burch LLC,Layoffs,High,2025-11-29
Kelly and Sons,New Product Launch,Low,2025-12-12
Bryan Inc,Acquisition,Low,2025-12-17
"Wright, Strickland and Alexander",Price Cut,Medium,2025-11-18
"Duncan, Tucker and Huffman",Price Cut,Low,2025-12-09
Baker PLC,New Product Launch,Medium,2025-12-20
Mayo Ltd,Layoffs,Low,2025-12-06
Eaton-Benton,Layoffs,High,2025-12-12
Figueroa-Stevens,New Product Launch,Low,2025-11-24
"Baker, Green and Fields",Layoffs,Medium,2025-12-25
Lee-Richardson,Layoffs,Medium,2025-11-29
"Rhodes, Lee and Miller",Price Cut,Low,2025-12-21
"Hanson, Thompson and Rhodes",New Product Launch,Low,2025-11-12
"Chavez, Price and Bell",Acquisition,Medium,2025-12-25
Jones LLC,Layoffs,High,2025-12-25
Perry Ltd,Acquisition,Medium,2025-12-25
Watson Inc,Layoffs,Medium,2025-11-24
"Baxter, Larson and Jones",Price Cut,High,2025-11-20
Kane and Sons,Layoffs,High,2025-11-16
Castillo and Sons,Price Cut,High,2025-11-14
Clark-Green,Price Cut,High,2025-11-18
"Bender, Moore and Johnson",Acquisition,Medium,2025-11-28
Nash Group,Price Cut,High,2025-11-14
"Peters, Porter and Cox",New Product Launch,Medium,2025-11-19
Boyd-Garcia,Price Cut,Low,2025-12-10
"Garcia, Patterson and Mitchell",New Product Launch,Medium,2025-11-27
Bernard Group,Layoffs,High,2025-12-09
"Daniels, Sandoval and Walker",New Product Launch,Medium,2025-12-15
"Stevenson, Brown and Mullen",Price Cut,High,2025-12-12
Holt-Hahn,Acquisition,Medium,2025-12-06
"Rodgers, Beasley and Mccoy",New Product Launch,High,2025-12-12
Stewart-Jefferson,New Product Launch,Medium,2025-12-14
Booth-Mckenzie,Acquisition,Medium,2025-12-05
Murphy LLC,Layoffs,Low,2025-11-15
Nguyen Group,Layoffs,Low,2025-11-26
Clayton-Cohen,New Product Launch,High,2025-12-20
"Ruiz, Arroyo and Lara",New Product Launch,High,2025-11-23
"Riley, Bauer and Ball",Price Cut,Low,2025-11-18
Rodgers Inc,New Product Launch,Low,2025-12-18
"Obrien, Wilkinson and Mercado",Price Cut,High,2025-12-07
Marks-Love,Acquisition,Medium,2025-12-21
Harris-Wilson,Layoffs,Low,2025-12-17
Wright-Skinner,Acquisition,Low,2025-11-17
Mueller Ltd,Price Cut,Low,2025-11-15
Acosta-Hamilton,Price Cut,High,2025-11-15
Malone-Mcpherson,Layoffs,Low,2025-12-15
"Clements, Savage and Combs",Layoffs,Low,2025-11-14
Young-Arias,New Product Launch,High,2025-12-06
Rhodes LLC,Layoffs,Medium,2025-11-18
Brock-Phelps,New Product Launch,Low,2025-12-12
Mitchell Group,Price Cut,High,2025-12-07
"Lopez, Rodriguez and Wood",Price Cut,Medium,2025-11-19
"Moore, Green and Hardin",Price Cut,Low,2025-11-23
Hanna Inc,Price Cut,Medium,2025-12-14
Church and Sons,Layoffs,Medium,2025-12-04
"Anderson, Dickson and Pollard",New Product Launch,Low,2025-12-20
"Mccormick, Williams and Ali",Price Cut,Medium,2025-11-17
Klein and Sons,Acquisition,Medium,2025-11-24
Schultz LLC,Acquisition,Medium,2025-12-13
Scott-Walsh,New Product Launch,High,2025-12-17
Warren Inc,New Product Launch,Medium,2025-11-14
"Solis, Zuniga and Hayes",Price Cut,Low,2025-12-24
Martinez Ltd,New Product Launch,High,2025-12-14
Turner Inc,New Product Launch,Medium,2025-12-01
Kim-Scott,Price Cut,Low,2025-12-11
Washington LLC,Layoffs,High,2025-11-13
Thomas-Mcdaniel,Acquisition,High,2025-11-22
Kirk Group,Layoffs,Medium,2025-11-13
Henry Inc,Layoffs,Medium,2025-11-14
"Miranda, Wong and Whitaker",New Product Launch,Medium,2025-12-24
Hahn-Moore,Acquisition,Medium,2025-12-10
Bailey Group,Layoffs,High,2025-11-22
Moore PLC,Acquisition,High,2025-12-11
"Shah, Bradley and Morse",Layoffs,High,2025-11-21
Villa-Hernandez,Layoffs,High,2025-11-28
Stewart-Green,Price Cut,Low,2025-12-23
"Avery, Harding and Martinez",New Product Launch,Medium,2025-12-12
"Ballard, Whitaker and Schultz",Price Cut,Low,2025-12-17
Grant-Hall,Layoffs,Low,2025-11-15
Hall Ltd,Layoffs,Medium,2025-12-03
Barker Inc,Layoffs,Low,2025-11-20
Kirby Group,Layoffs,High,2025-11-20
"Stokes, Garner and Hartman",Price Cut,Low,2025-12-22
Flores-Avila,Acquisition,High,2025-12-11
Rice PLC,Layoffs,Low,2025-11-11
Parker-Schwartz,Price Cut,Low,2025-12-05
"Burgess, Welch and Richards",Acquisition,Medium,2025-12-06
Bell-Wilson,Layoffs,High,2025-12-13
Nixon-Young,Layoffs,High,2025-12-05
"Liu, Walker and Mason",Layoffs,Low,2025-11-26
Martinez and Sons,Layoffs,Medium,2025-11-29
Kim-Martinez,Acquisition,High,2025-11-30
"Banks, Figueroa and Patel",Price Cut,Low,2025-12-04
"Hall, Daniels and Yoder",New Product Launch,Medium,2025-11-17
"Wilkerson, Sanchez and Keller",Layoffs,Medium,2025-12-02
Scott LLC,Layoffs,Medium,2025-11-23
Johnson and Sons,Layoffs,High,2025-11-29
Wilson-Rodriguez,Layoffs,Low,2025-11-23
Baird Group,New Product Launch,Medium,2025-12-08
"Cannon, Smith and Goodman",Price Cut,Medium,2025-12-25
"Sharp, Thompson and Villanueva",Acquisition,Low,2025-12-11
"Patterson, Leon and Cuevas",Layoffs,Medium,2025-11-22
Watson-Harper,Acquisition,Medium,2025-12-17
"Manning, Walsh and Cox",Price Cut,Medium,2025-11-16
"Thompson, Wright and King",Price Cut,High,2025-12-03
Jones-Knight,Price Cut,Low,2025-11-11
"Daniels, Wallace and Willis",Layoffs,Low,2025-12-23
"Ibarra, Riddle and Salazar",New Product Launch,Medium,2025-11-28
Jones Group,Acquisition,Medium,2025-12-07
Murray Ltd,Price Cut,Low,2025-12-21
Mathis-Bentley,Price Cut,Medium,2025-11-16
Goodman-Kelley,Layoffs,Low,2025-12-18
Case-Golden,Price Cut,Low,2025-11-19
Martin-Figueroa,Layoffs,Low,2025-11-17
Rodriguez Group,Acquisition,Low,2025-12-10
Fry-Carney,Acquisition,Medium,2025-11-13
"White, Smith and Martinez",Acquisition,Medium,2025-12-11
Potter LLC,Price Cut,High,2025-12-22
Anderson Inc,Price Cut,Low,2025-11-23
Brown-Lee,Acquisition,Medium,2025-12-17
"Davis, Brown and Freeman",Layoffs,High,2025-12-13
Tran Ltd,New Product Launch,Low,2025-12-01
Hayes-Hoover,Layoffs,Low,2025-12-22
Brown-Frederick,Layoffs,Medium,2025-12-16
"Morgan, King and Nguyen",Layoffs,Low,2025-11-11
Shaffer-Reilly,Price Cut,Medium,2025-11-11
Peck-Campbell,Price Cut,High,2025-11-26
Scott-Johnson,Acquisition,High,2025-12-18
Walters and Sons,New Product Launch,High,2025-11-16
Torres-Ponce,Layoffs,High,2025-12-18
Cruz-Walker,Layoffs,Medium,2025-11-11
"Jordan, Jackson and Swanson",Acquisition,Low,2025-12-25
Howard-Parks,New Product Launch,Low,2025-12-02
Fernandez and Sons,Acquisition,Low,2025-11-30
"Johnson, Moore and Smith",Layoffs,Medium,2025-11-22
"Hamilton, Choi and Stewart",New Product Launch,Low,2025-12-17
Taylor-Mccoy,New Product Launch,High,2025-12-21
"Evans, Rice and Stokes",New Product Launch,Low,2025-12-05
Thompson Group,Price Cut,Medium,2025-12-20
"Thomas, Hernandez and Cherry",Layoffs,Medium,2025-12-21
Pacheco-Velasquez,Price Cut,Medium,2025-12-18
Herrera LLC,Layoffs,High,2025-11-22
"Chung, Mullins and Clark",Acquisition,High,2025-12-02
"Chen, Morris and Hunter",Acquisition,High,2025-11-13
Brown and Sons,Price Cut,Low,2025-11-28
Brown LLC,Price Cut,Low,2025-12-20
Carter-Miller,Acquisition,Low,2025-11-19
Guzman-Yates,Price Cut,Low,2025-12-05
Rivera-Sanchez,Layoffs,Medium,2025-11-11
Blankenship Inc,Acquisition,Low,2025-11-26
Mitchell-Marshall,New Product Launch,Medium,2025-11-12
Shaw-Jackson,Layoffs,High,2025-12-04
Young LLC,Price Cut,Low,2025-12-01
Conway-Lopez,Acquisition,Low,2025-11-21
Brown-Lindsey,Acquisition,Low,2025-12-15
"Rubio, Livingston and Cochran",Price Cut,High,2025-12-17
Evans-Simmons,New Product Launch,High,2025-12-19
"Sims, Bean and Norman",Layoffs,High,2025-12-06
Horton-Collier,Price Cut,High,2025-12-03
"Jackson, Miller and Baker",Layoffs,Medium,2025-12-13
Olsen-Greene,Price Cut,High,2025-11-23
Byrd Ltd,Price Cut,High,2025-11-15
"Carroll, Snyder and Bryan",Price Cut,Low,2025-12-21
Campbell and Sons,New Product Launch,Low,2025-12-04
"Morrow, James and Fletcher",Layoffs,Low,2025-12-15
Harris-Austin,Layoffs,Low,2025-12-19
Nelson Inc,Acquisition,Medium,2025-12-17
Pearson LLC,Price Cut,Low,2025-12-18
"Swanson, Webb and Gordon",Acquisition,High,2025-12-21
Huff-Gonzalez,Acquisition,Medium,2025-11-21
Allen-Diaz,Layoffs,Low,2025-11-21
Tanner Group,New Product Launch,High,2025-11-13
Hill-Figueroa,New Product Launch,Medium,2025-12-02
Smith Group,New Product Launch,High,2025-11-17
Jones LLC,New Product Launch,Low,2025-12-08
"Lopez, Sparks and Morrow",Price Cut,Low,2025-12-11
"Carter, Moore and Rogers",Acquisition,Low,2025-11-19
Dominguez PLC,New Product Launch,Low,2025-11-25
"Ruiz, Mcdonald and Owens",Layoffs,High,2025-12-22
Cervantes LLC,Price Cut,Medium,2025-12-14
Warren PLC,Acquisition,Medium,2025-12-14
Lozano-Williams,New Product Launch,High,2025-11-24
Young and Sons,Acquisition,Low,2025-11-11
Mckenzie Group,Layoffs,High,2025-12-16
Griffith PLC,Price Cut,Medium,2025-12-18
Cochran-Gomez,Layoffs,High,2025-11-17
Daugherty Group,New Product Launch,High,2025-11-29
Lee PLC,New Product Launch,Medium,2025-11-22
"Chambers, Hart and Moore",Price Cut,Medium,2025-11-22
Myers-Walker,Price Cut,Medium,2025-11-27
Smith and Sons,Acquisition,High,2025-11-30
Carroll and Sons,Price Cut,Medium,2025-11-27
Schmidt-Bryant,Acquisition,High,2025-11-22
Rodriguez-Rivera,Acquisition,Medium,2025-12-07
"Kelly, Howell and Franco",Acquisition,High,2025-11-18
Chavez PLC,Price Cut,High,2025-11-30
Sanchez-Castillo,Price Cut,Medium,2025-11-14
"Fleming, Johnson and Murphy",Acquisition,High,2025-12-03
Brown and Sons,Layoffs,High,2025-12-09
Brown-Chen,Price Cut,High,2025-11-30
"Thornton, Ferguson and Ewing",New Product Launch,Medium,2025-11-19
Chen-Bradley,Acquisition,High,2025-12-06
Weber PLC,Acquisition,Medium,2025-12-15
Baxter LLC,New Product Launch,Medium,2025-12-01
Sullivan PLC,Layoffs,Medium,2025-11-24
Davis-Martinez,Price Cut,High,2025-11-18
Mitchell Group,Acquisition,High,2025-11-19
Thornton-Shaw,Price Cut,Medium,2025-12-21
Phillips-Evans,Layoffs,Medium,2025-12-03
Nguyen and Sons,Layoffs,Low,2025-12-12
"Keller, Reilly and Gonzalez",Layoffs,Low,2025-12-23
Daniels Group,New Product Launch,High,2025-11-15
"Santos, Strickland and Schmidt",Layoffs,Medium,2025-12-11
"Shields, Taylor and Holmes",Price Cut,Medium,2025-12-06
"Harrison, Stokes and Anderson",Layoffs,High,2025-11-19
"Morgan, Guzman and Williams",Price Cut,High,2025-12-25
"Smith, Walter and Meyer",Acquisition,Medium,2025-11-28
Payne-Richards,Acquisition,High,2025-12-22
"Caldwell, Mcgee and Daniel",Price Cut,Low,2025-11-26
Hampton-Smith,Layoffs,Low,2025-12-12
"Harris, Wilson and Goodman",New Product Launch,Low,2025-12-07
Ali-Kim,Layoffs,Low,2025-11-28
"Brock, Hall and Jones",Layoffs,Low,2025-12-12
Martin-Wright,New Product Launch,Medium,2025-12-15
Welch Inc,Price Cut,Low,2025-12-15
Gross-Walker,Layoffs,High,2025-12-05
Rodriguez-Bass,Layoffs,High,2025-12-04
Caldwell and Sons,Layoffs,Low,2025-12-04
Berger-Meyers,Acquisition,Low,2025-11-25
Ballard LLC,Price Cut,Medium,2025-11-18
Robinson-Clements,Layoffs,High,2025-11-14
Gonzalez-Kelly,Price Cut,High,2025-11-19
Gentry-Collins,Layoffs,Low,2025-11-22
Khan-Williams,New Product Launch,High,2025-12-22
Nelson-Fletcher,Acquisition,Low,2025-11-22
Thomas Group,Price Cut,Medium,2025-12-19
Hall-Potter,Layoffs,Low,2025-11-23
"Santos, Davis and Stewart",New Product Launch,High,2025-12-17
"Wells, Murphy and Wright",Acquisition,Low,2025-11-30
White-Oliver,Price Cut,Low,2025-11-21
"Lee, Price and Watson",New Product Launch,Medium,2025-12-02
"Johnson, Hanson and Nichols",Price Cut,Low,2025-11-26
"Davis, Wagner and Harris",Acquisition,Medium,2025-12-04
Bradford-Jefferson,New Product Launch,High,2025-11-25
"Alvarez, Rodriguez and Williams",Acquisition,Medium,2025-12-07
Higgins-Craig,Layoffs,Medium,2025-12-16
Allen-Wright,Layoffs,High,2025-11-28
"Huynh, Tran and Henderson",Layoffs,High,2025-12-08
Stuart PLC,Price Cut,Medium,2025-11-28
Mullins-Hill,New Product Launch,Low,2025-11-21
Miller-May,Price Cut,Low,2025-11-23
Bradley-Stephenson,Price Cut,Low,2025-12-10
Blanchard-Pearson,Acquisition,Low,2025-11-14
"Sanchez, Adams and Bush",New Product Launch,Medium,2025-12-16
Vance-Hanson,New Product Launch,High,2025-11-21
"Berry, Richmond and Lynn",New Product Launch,Medium,2025-12-14
Gardner Group,Layoffs,Medium,2025-12-01
Bartlett-Chang,New Product Launch,Low,2025-11-16
Bradley Inc,Layoffs,High,2025-12-22
Hunt-Spencer,Price Cut,Medium,2025-12-01
Webster-Johnson,New Product Launch,Low,2025-12-08
James-Cook,Layoffs,High,2025-12-13
Moon LLC,Layoffs,Medium,2025-12-19
Hardy Ltd,Layoffs,Low,2025-12-06
Rios and Sons,Layoffs,High,2025-11-27
"Prince, Watts and Gregory",Price Cut,Low,2025-11-18
Thomas PLC,New Product Launch,Medium,2025-12-16
Howard Ltd,Layoffs,High,2025-12-11
Hernandez Group,Acquisition,High,2025-11-15
"Tyler, Contreras and Irwin",New Product Launch,High,2025-12-03
Hodges-Smith,New Product Launch,Low,2025-12-08
Anderson Ltd,Price Cut,Medium,2025-11-22
Evans-Harris,Price Cut,Medium,2025-12-07
Johnson LLC,New Product Launch,High,2025-11-13
"Jones, Jimenez and Nichols",Layoffs,Medium,2025-12-04
"Mitchell, Tran and Powell",Price Cut,Low,2025-12-02
"Thompson, Odonnell and Elliott",Acquisition,High,2025-12-24
Cain-Buchanan,Price Cut,Medium,2025-12-08
Hunt-White,Price Cut,Medium,2025-12-16
Branch Inc,Price Cut,Low,2025-12-12
Schwartz and Sons,New Product Launch,Low,2025-11-11
Taylor Group,Acquisition,Medium,2025-12-05
Bradley LLC,New Product Launch,High,2025-11-30
Brown-Grant,New Product Launch,High,2025-11-17
"Lozano, Johnson and Adkins",Layoffs,Medium,2025-12-17
Rogers Inc,Layoffs,Medium,2025-12-08
Villanueva-Terrell,Price Cut,High,2025-12-01
Hale LLC,Price Cut,High,2025-12-20
Richards PLC,Layoffs,Medium,2025-11-23
Lee Inc,New Product Launch,Low,2025-12-09
Kim-Khan,New Product Launch,Medium,2025-11-25
Sandoval Inc,Price Cut,High,2025-11-12
Bates Ltd,Price Cut,High,2025-11-20
Novak Group,Price Cut,Low,2025-12-04
Trujillo-Jackson,Price Cut,Low,2025-12-12
"Carter, Chavez and Leblanc",Price Cut,Low,2025-12-13
Frye-Howell,Layoffs,High,2025-11-26
Davis-Hughes,Price Cut,High,2025-12-18
Leblanc-Cannon,Price Cut,Medium,2025-11-20
"Higgins, Ryan and Parker",Price Cut,Low,2025-11-29
"Cooper, Martinez and Morgan",Layoffs,High,2025-12-18
Cooper-Cohen,Acquisition,High,2025-11-20
Carson LLC,Price Cut,Low,2025-12-17
"Thomas, Scott and Powell",Price Cut,High,2025-12-09
Walker PLC,Acquisition,Medium,2025-11-22
"Ferguson, Mcpherson and Bridges",Acquisition,High,2025-11-23
Rice-Christensen,Price Cut,High,2025-11-25
"Watkins, Rodriguez and Waters",Layoffs,Medium,2025-12-15
Davidson Inc,Layoffs,Low,2025-12-17
Parsons and Sons,Layoffs,High,2025-12-22
"Jackson, Christensen and Miller",Acquisition,High,2025-12-20
"Richardson, Walters and Yu",Acquisition,High,2025-11-19
Hodges-Savage,Price Cut,Low,2025-11-14
Brown Ltd,Price Cut,Low,2025-11-19
Blevins-Reeves,Acquisition,Medium,2025-12-15
Velez-Figueroa,Acquisition,Low,2025-12-24
Bernard-Thomas,Price Cut,Medium,2025-12-24
"Wolf, Woods and Rubio",New Product Launch,Medium,2025-11-14
Rich-Curry,Price Cut,Medium,2025-12-06
Sullivan and Sons,Layoffs,Medium,2025-12-13
Trevino PLC,Price Cut,Medium,2025-11-18
Kennedy PLC,Layoffs,High,2025-11-23
Vaughn Inc,Layoffs,High,2025-12-08
Smith Inc,Price Cut,Low,2025-12-10
Garcia and Sons,Layoffs,Low,2025-12-07
Perry-Phillips,Acquisition,Medium,2025-11-30
"Munoz, Rubio and Castro",New Product Launch,Medium,2025-12-22
Miller Ltd,New Product Launch,Low,2025-12-19
Wood LLC,Price Cut,High,2025-11-18
"Mcdowell, Nielsen and Finley",New Product Launch,High,2025-12-08
Scott-Smith,Price Cut,Low,2025-12-21
"Gonzalez, Bartlett and Carter",Price Cut,Medium,2025-12-25
"Skinner, Davis and Black",Acquisition,Low,2025-12-17
Gates-Mendez,Price Cut,High,2025-11-15
Franco Group,Price Cut,Medium,2025-11-20
Diaz Ltd,Layoffs,Medium,2025-12-04
"Hayes, Taylor and Marshall",Price Cut,Low,2025-11-26
Gordon-Williams,New Product Launch,Low,2025-12-11
Clark-Scott,New Product Launch,High,2025-11-21
Marshall-Mcneil,Price Cut,Low,2025-11-20
Dodson Ltd,Layoffs,Low,2025-11-13
Reeves-Crane,Acquisition,Medium,2025-12-14
"Mcneil, Colon and Bryant",Acquisition,Medium,2025-12-16
"Nguyen, Young and Owens",Price Cut,Medium,2025-12-17
Berry PLC,Layoffs,High,2025-11-22
"Lewis, Miles and Torres",New Product Launch,High,2025-11-16
"Frank, Howard and Gordon",Layoffs,High,2025-12-25
Roth PLC,Price Cut,High,2025-12-19
Kline-Allen,Price Cut,High,2025-12-04
Salas-Ortiz,Price Cut,Low,2025-11-14
Fitzpatrick-Cervantes,New Product Launch,Medium,2025-12-10
"Washington, Lynch and Lester",Layoffs,Medium,2025-12-19
Garcia PLC,Acquisition,Medium,2025-12-09
"Huff, Mcgee and Jackson",New Product Launch,Low,2025-12-06
"Hernandez, Perkins and Martinez",Layoffs,Medium,2025-12-12
Morris-Jones,Price Cut,High,2025-12-25
Arnold-Davis,Layoffs,High,2025-12-02
Bruce-Martin,New Product Launch,Low,2025-11-11
"Charles, Bond and Greene",Price Cut,Low,2025-11-17
Mclean-Lewis,Acquisition,Low,2025-12-10
Kim Inc,Layoffs,Low,2025-11-18
Rosario-Peterson,Acquisition,Low,2025-12-04
"Schmitt, Vargas and Martin",Acquisition,Medium,2025-12-15
Newman-Patterson,Acquisition,High,2025-11-25
Sandoval LLC,Acquisition,Low,2025-11-20
Gill and Sons,Price Cut,Low,2025-11-30
"Williams, Bruce and Jones",New Product Launch,High,2025-11-20
"Harrison, Ali and Ayala",Price Cut,Medium,2025-11-16
Rose and Sons,Layoffs,High,2025-12-19
Martin and Sons,Price Cut,Low,2025-12-02
Thomas-Owens,Layoffs,Medium,2025-12-12
Massey Group,Layoffs,High,2025-12-06
Jones-Bennett,Acquisition,High,2025-12-14
"Herrera, Young and Owens",Price Cut,High,2025-11-27
Winters and Sons,Layoffs,High,2025-11-28
"Brown, Morris and Trevino",Acquisition,Medium,2025-12-14
Ford-Perkins,New Product Launch,High,2025-12-13
Gentry and Sons,Acquisition,Low,2025-12-03
"Bullock, Moon and Olson",Layoffs,High,2025-12-11
Bush-Blackwell,New Product Launch,High,2025-12-04
Drake Group,New Product Launch,Medium,2025-12-18
Adams Inc,Acquisition,Medium,2025-11-13
Greer LLC,Acquisition,Medium,2025-11-14
"Vazquez, Black and Meyer",Acquisition,Medium,2025-12-13
Smith-Cline,New Product Launch,Medium,2025-11-11
"Yoder, Harrison and Evans",New Product Launch,High,2025-11-11
Scott LLC,Layoffs,Low,2025-12-20
"Macdonald, West and Hardy",Layoffs,Medium,2025-12-22
Gonzalez Inc,Price Cut,High,2025-11-22
Briggs-Hampton,Acquisition,High,2025-11-11
Fitzpatrick PLC,Acquisition,Medium,2025-12-01
"Martin, Ramirez and Esparza",New Product Launch,Low,2025-12-24
"Farrell, Snyder and Keith",Layoffs,High,2025-12-22
"Kemp, Davis and Ryan",Price Cut,Medium,2025-11-17
"Mathis, Spencer and Boyer",Acquisition,Low,2025-12-14
"Jones, Warren and Buckley",New Product Launch,High,2025-12-02
"Brown, Garcia and Rios",New Product Launch,Medium,2025-12-15
"Peterson, Hahn and Terry",Price Cut,Medium,2025-12-06
Lynch-Hicks,Price Cut,Medium,2025-12-13
"Brown, Hatfield and Howard",New Product Launch,Low,2025-11-26
Hayes-Baker,Price Cut,Medium,2025-12-16
"Marsh, Jackson and Cox",Price Cut,Low,2025-12-19
"Hall, Watson and Stone",Acquisition,Low,2025-12-10
Obrien and Sons,Price Cut,Low,2025-11-30
Herrera Ltd,Layoffs,High,2025-11-16
"Pineda, Cole and Dorsey",New Product Launch,Low,2025-12-17
Wolf Inc,Acquisition,Low,2025-11-28
Robertson LLC,Price Cut,High,2025-11-22
Arroyo-Hodges,Acquisition,Low,2025-11-29
Hebert-Wilkins,Acquisition,Medium,2025-11-13
"Pierce, Meyer and Jones",Acquisition,Medium,2025-11-26
Gordon Ltd,New Product Launch,High,2025-11-19
Williams PLC,Price Cut,High,2025-11-23
White Inc,Layoffs,Low,2025-11-29
"Rice, Hanson and Russell",Acquisition,Low,2025-11-19
Simmons-Guerrero,New Product Launch,Low,2025-12-14
Banks-Kennedy,Price Cut,Medium,2025-12-24
Scott-Cannon,Price Cut,High,2025-12-14
Randall Group,Layoffs,High,2025-11-14
White LLC,New Product Launch,High,2025-12-23
"Diaz, Winters and Reed",Price Cut,High,2025-11-17
Rodgers-Mitchell,Price Cut,Low,2025-11-25
Glass and Sons,Price Cut,High,2025-12-17
Jones LLC,Acquisition,High,2025-12-09
"Peterson, Garcia and Keller",New Product Launch,Low,2025-11-28
Montoya-Porter,Acquisition,Medium,2025-12-10
Morgan PLC,Layoffs,High,2025-12-10
Kirby-Martinez,New Product Launch,Medium,2025-11-15
Wilson-Mendoza,Acquisition,High,2025-11-24
Barron Inc,Price Cut,High,2025-11-23
Hall-King,New Product Launch,Medium,2025-12-01
Zimmerman LLC,Price Cut,Medium,2025-12-11
Winters-Salas,New Product Launch,Medium,2025-11-16
"Ortiz, Liu and Carr",New Product Launch,Medium,2025-12-20
Grant and Sons,Acquisition,High,2025-11-28
Moore Inc,Price Cut,High,2025-12-08
Christian PLC,Price Cut,High,2025-11-30
"Riley, Key and Davis",New Product Launch,High,2025-12-21
"Rich, Charles and Smith",Acquisition,Low,2025-11-13
"Mathis, Arnold and Velasquez",Layoffs,Low,2025-11-24
"Reeves, Padilla and Gilbert",Price Cut,Low,2025-11-28
"Hall, Gonzales and Welch",New Product Launch,Low,2025-11-23
Webb Ltd,Layoffs,Medium,2025-12-03
Mason-Welch,Acquisition,Low,2025-11-11
Ross-Smith,Price Cut,Low,2025-12-07
"Pope, Martinez and Shaw",Acquisition,High,2025-11-12
Savage and Sons,New Product Launch,Low,2025-11-19
Gonzalez Group,Price Cut,Low,2025-12-04
"Morse, Casey and Harris",New Product Launch,High,2025-11-28
Chaney Inc,Layoffs,Medium,2025-12-06
"Lang, Ray and Jones",Price Cut,High,2025-12-13
"Hudson, Faulkner and Jones",New Product Launch,Medium,2025-12-08
Edwards-Blair,Acquisition,Medium,2025-11-17
"Martin, Jackson and Barnett",Layoffs,Low,2025-12-11
Farrell LLC,New Product Launch,Low,2025-11-17
Avila-Robinson,Layoffs,High,2025-12-24
"Klein, Harvey and Higgins",Acquisition,Medium,2025-12-01
Brown PLC,New Product Launch,Low,2025-11-23
Thompson Inc,Acquisition,Low,2025-11-18
Lee Ltd,Layoffs,High,2025-11-25
Ward-Weber,Price Cut,Low,2025-11-25
Morales and Sons,Layoffs,Medium,2025-12-06
Lynch Group,Layoffs,Low,2025-12-08
Gaines-Hughes,Layoffs,Medium,2025-12-24
Smith and Sons,New Product Launch,Low,2025-11-13
"Johnson, Gonzalez and Green",Price Cut,High,2025-12-12
Benton-Freeman,Price Cut,High,2025-12-01
Collins Ltd,Price Cut,Low,2025-11-23
"Hall, Arellano and Fletcher",Acquisition,Medium,2025-11-24
Wilson Inc,Acquisition,High,2025-12-06
Tucker-Fox,Layoffs,Low,2025-11-17
Hanson-Johnson,Acquisition,High,2025-12-18
"Hamilton, Walker and Peterson",Price Cut,Medium,2025-12-19
"Fisher, Gregory and Smith",Price Cut,Medium,2025-11-25
"Rodriguez, Harrison and Trevino",Price Cut,Medium,2025-11-25
"Robbins, Saunders and Small",Acquisition,Low,2025-12-10
Whitehead-Cross,Price Cut,Medium,2025-11-18
Peters PLC,Layoffs,Medium,2025-11-15
Hernandez-Edwards,Acquisition,High,2025-11-30
"Freeman, Copeland and Underwood",Price Cut,High,2025-11-12
Carpenter-Leach,Layoffs,Medium,2025-12-08
Clark PLC,Acquisition,Medium,2025-12-05
"Zimmerman, Stewart and Rose",Acquisition,High,2025-12-06
Delgado Ltd,Acquisition,Medium,2025-12-23
Kelley-Moore,Acquisition,Medium,2025-11-12
Gray LLC,Price Cut,High,2025-11-25
"Walter, Johns and Morgan",New Product Launch,Medium,2025-11-29
Hamilton Ltd,Acquisition,Medium,2025-11-19
White-Everett,New Product Launch,High,2025-12-22
"Thompson, Hall and Moore",Acquisition,High,2025-12-09
English-Moran,Acquisition,Medium,2025-11-24
Nichols Inc,Price Cut,Low,2025-11-26
Fernandez Group,Layoffs,High,2025-11-11
"Jenkins, Fitzpatrick and Davis",Price Cut,Medium,2025-12-18
Livingston Group,New Product Launch,Low,2025-12-24
"Ramirez, Carrillo and Sharp",Acquisition,Medium,2025-11-17
Coleman Inc,Acquisition,Low,2025-11-11
"Lin, Gonzalez and Smith",New Product Launch,Medium,2025-12-08
"Davis, Williams and Kelly",Acquisition,Low,2025-12-22
Stewart and Sons,Acquisition,Medium,2025-12-02
Horn-Hernandez,Layoffs,Medium,2025-11-23
"Romero, Hardin and Velez",Layoffs,High,2025-11-12
Bell and Sons,New Product Launch,Low,2025-11-27
Khan-Carroll,Layoffs,Medium,2025-11-20
Moore Inc,Acquisition,Medium,2025-11-18
"Stewart, James and Smith",Layoffs,Medium,2025-11-29
Mathis PLC,New Product Launch,Medium,2025-11-23
Garcia Ltd,Layoffs,Low,2025-11-15
"Bradley, White and Merritt",Layoffs,Low,2025-12-06
"Young, Ellis and Torres",Price Cut,High,2025-11-20
Williams Inc,Acquisition,High,2025-11-14
Schneider-Brown,Price Cut,Low,2025-12-20
Bailey-Smith,New Product Launch,Medium,2025-11-29
"Lamb, Hill and Wilson",Acquisition,Medium,2025-11-27
Davidson-Gonzalez,Price Cut,Low,2025-11-17
Marks-Warren,Price Cut,High,2025-12-17
"Jones, Martin and Blackburn",Acquisition,High,2025-11-22
Mcdonald Ltd,Layoffs,Medium,2025-12-15
"Skinner, Perry and Scott",Acquisition,High,2025-12-06
"Martin, Cisneros and Wright",Price Cut,High,2025-11-22
Brooks Inc,New Product Launch,High,2025-11-29
"Wilson, Gamble and Jefferson",Acquisition,High,2025-11-15
Armstrong-Chung,Acquisition,Low,2025-11-26
Salazar Group,Acquisition,Medium,2025-12-23
"Allen, Martin and Thomas",Layoffs,Low,2025-11-15
Henry-Mcdonald,Acquisition,Medium,2025-12-07
Hughes-Smith,New Product Launch,Low,2025-12-19
Harmon-Frank,Price Cut,High,2025-12-03
Gomez PLC,Price Cut,High,2025-12-04
Powell-Allen,Layoffs,High,2025-12-14
Pearson Group,Price Cut,High,2025-11-13
Miller Ltd,New Product Launch,Low,2025-12-01
Le-Myers,Price Cut,Low,2025-12-08
Mckenzie Group,Price Cut,High,2025-12-03
Silva-Cox,Acquisition,High,2025-11-29
Harrison Ltd,Price Cut,High,2025-11-19
"Price, Miller and Nichols",Price Cut,High,2025-11-18
Bryant-Sanchez,Price Cut,High,2025-11-27
Jones Inc,New Product Launch,High,2025-12-24
Bates-Jackson,New Product Launch,Low,2025-12-17
"Bowen, Russell and Robertson",New Product Launch,Low,2025-12-01
"Evans, Powell and Davis",Acquisition,Low,2025-11-23
"Sandoval, Good and Beard",Acquisition,Medium,2025-11-13
Nguyen LLC,Acquisition,Low,2025-11-17
Martin Group,New Product Launch,Medium,2025-12-14
Petty and Sons,Acquisition,High,2025-12-15
Villarreal PLC,New Product Launch,High,2025-11-13
"Miller, Allen and Meyer",Acquisition,Low,2025-11-25
Michael Group,Layoffs,High,2025-11-29
Ford Ltd,Price Cut,Low,2025-11-28
Freeman-Waters,Layoffs,High,2025-12-03
"Holder, Cooper and Smith",Price Cut,High,2025-12-06
Moss-Williamson,Acquisition,Medium,2025-12-24
"Mccoy, Patrick and Ruiz",Layoffs,Low,2025-12-12
Massey-Gonzales,Price Cut,Low,2025-12-10
Myers LLC,Layoffs,Low,2025-12-16
Ramirez-Marsh,Price Cut,Low,2025-11-18
Schmitt Inc,Price Cut,Low,2025-12-20
Walker-Adams,Price Cut,Low,2025-12-13
"Forbes, Sanford and Buchanan",New Product Launch,Medium,2025-12-25
Kelly Ltd,New Product Launch,Low,2025-11-17
"Wright, Mckee and Thompson",Acquisition,High,2025-11-16
"Rodriguez, Patel and White",Price Cut,High,2025-11-14
Mays Ltd,New Product Launch,Low,2025-11-14
Andersen-Foster,Price Cut,High,2025-11-29
"Jenkins, Campbell and Mitchell",New Product Launch,Medium,2025-11-14
Preston and Sons,Layoffs,Medium,2025-11-24
Gonzalez PLC,Acquisition,Low,2025-12-03
Rodriguez-Hurley,Acquisition,Medium,2025-11-26
Melton and Sons,Price Cut,Low,2025-11-18
"Garza, Reese and Hernandez",Layoffs,High,2025-11-18
Torres-Aguilar,Layoffs,Medium,2025-12-04
Wang-Leach,Price Cut,Medium,2025-12-12
"Reed, Mccoy and Fuller",New Product Launch,High,2025-11-21
"Kelly, Strickland and Lee",Acquisition,Low,2025-11-16
Doyle PLC,Price Cut,High,2025-12-18
Martinez Ltd,Acquisition,Medium,2025-12-03
"Barber, Buchanan and Hudson",New Product Launch,High,2025-11-18
Williams-Hammond,Acquisition,Low,2025-12-17
Castro-Wheeler,New Product Launch,Low,2025-12-24
"Green, Reynolds and Flores",New Product Launch,Medium,2025-11-21
Johnson Inc,Acquisition,Low,2025-12-19
Hart-Smith,Price Cut,High,2025-11-25
"Ford, Schmidt and Matthews",New Product Launch,Low,2025-11-25
Jones LLC,Price Cut,Medium,2025-11-22
Miller and Sons,New Product Launch,High,2025-11-26
Smith Group,New Product Launch,Low,2025-12-10
Hale-Smith,New Product Launch,Medium,2025-12-19
"Parrish, Underwood and Chaney",Layoffs,Medium,2025-12-19
Brown-Smith,New Product Launch,Low,2025-11-16
"Wagner, Bennett and Andrews",Layoffs,Medium,2025-11-13
Saunders-Goodwin,Acquisition,High,2025-12-14
Johnson-Jones,Layoffs,Low,2025-12-24
Ortiz Group,Price Cut,Medium,2025-12-02
Park-Brown,New Product Launch,Medium,2025-12-22
Diaz-Wilson,Price Cut,Low,2025-11-30
"House, Ramsey and Price",Acquisition,High,2025-11-14
"Robertson, Herrera and Hughes",Price Cut,Medium,2025-11-24
Sandoval Inc,Price Cut,High,2025-11-21
Mclaughlin-Curtis,Acquisition,High,2025-11-20
"Perry, Collier and Yang",Acquisition,Low,2025-11-11
Dominguez LLC,Layoffs,High,2025-12-08
Bell-Martin,Price Cut,Medium,2025-12-01
Hurst-Bailey,Price Cut,Medium,2025-11-28
Adams Group,Layoffs,Medium,2025-11-22
King LLC,Layoffs,Medium,2025-11-27
"Cortez, Hanson and Grant",Acquisition,Low,2025-11-29
Lopez Group,Price Cut,High,2025-12-16
"Knight, Arroyo and Lewis",Layoffs,Low,2025-11-26
Mcgee-Rodriguez,Layoffs,High,2025-12-14
"Mcbride, Walker and Baldwin",Price Cut,Low,2025-12-16
Mitchell LLC,Price Cut,High,2025-12-14
Lowe and Sons,Acquisition,Low,2025-12-20
Olson-Crawford,Price Cut,Low,2025-12-05
Harris-Wilson,Price Cut,Medium,2025-12-02
Lopez Inc,Acquisition,Low,2025-12-19
"Miller, Gibbs and Patterson",New Product Launch,High,2025-12-20
Maxwell PLC,Price Cut,Low,2025-12-03
Pierce-Gardner,Acquisition,Low,2025-12-04
Lewis LLC,Acquisition,Medium,2025-12-10
Allen-Hodges,Acquisition,Medium,2025-11-26
Williams LLC,New Product Launch,High,2025-12-06
Conway Group,Layoffs,Medium,2025-12-20
Wright PLC,Acquisition,High,2025-12-04
"Hall, Meadows and Sutton",Price Cut,Medium,2025-12-10
"Watts, Pearson and Smith",New Product Launch,High,2025-11-18
Patel-Morales,Layoffs,High,2025-12-05
"Hodge, Anderson and Williams",New Product Launch,Low,2025-12-22
Hill-Hernandez,Layoffs,High,2025-12-11
"Johnson, Donovan and Gray",Price Cut,High,2025-12-01
Miller-Ortiz,Price Cut,Medium,2025-12-25
"Salazar, Nixon and Ramirez",Layoffs,Low,2025-12-20
"Elliott, Warren and Smith",New Product Launch,Low,2025-11-22
Leblanc-Randall,Acquisition,Medium,2025-12-08
"Chan, Meza and Reeves",Acquisition,Medium,2025-11-15
Ward Inc,New Product Launch,Medium,2025-12-19
Reyes and Sons,New Product Launch,Medium,2025-12-16
"Schwartz, Becker and Medina",Acquisition,Medium,2025-11-25
Kaiser-Bowers,Layoffs,High,2025-11-11
Johnson LLC,Price Cut,Medium,2025-11-13
Hudson-Garza,New Product Launch,Medium,2025-11-28
"Watts, Miller and Smith",New Product Launch,High,2025-11-20
"Cox, Orr and House",Price Cut,High,2025-11-23
Mason-West,Acquisition,Medium,2025-12-23
"Hardin, Johnson and Gonzalez",New Product Launch,High,2025-11-15
Jacobs-Orr,New Product Launch,Low,2025-11-14
"Nash, Ayala and Kaiser",Price Cut,Medium,2025-11-14
Boyd LLC,Acquisition,Medium,2025-12-03
"Harvey, Cross and Jimenez",Layoffs,High,2025-11-27
"Moore, Kim and Garcia",New Product Launch,Low,2025-11-13
Peterson-Rogers,Acquisition,High,2025-12-04
Banks-Davis,New Product Launch,Medium,2025-11-27
"Dickerson, Morales and Carter",Price Cut,High,2025-12-08
Benjamin Inc,Layoffs,High,2025-11-15
Miller Ltd,Acquisition,Low,2025-11-15
"Bailey, Hicks and Brown",Acquisition,Low,2025-12-22
Foster Ltd,Price Cut,High,2025-11-25
Valencia Ltd,Price Cut,Medium,2025-11-28
"Wilson, Brooks and Nguyen",Price Cut,Low,2025-12-17
Davis Ltd,Price Cut,Low,2025-12-25
Bartlett-Adams,New Product Launch,High,2025-12-09
Hansen-Simpson,New Product Launch,Medium,2025-11-19
Wilson Ltd,Acquisition,Medium,2025-12-22
"Roberts, Edwards and Lynch",New Product Launch,Low,2025-12-13
Martinez-Doyle,Layoffs,Low,2025-12-05
Anderson-Figueroa,New Product Launch,High,2025-11-26
Jensen Group,New Product Launch,Medium,2025-12-07
Baker and Sons,New Product Launch,Medium,2025-12-06
Cooley-Hoffman,Layoffs,Medium,2025-12-13
Palmer-Ochoa,Acquisition,Medium,2025-11-18
Foster-Carter,New Product Launch,High,2025-11-17
"Prince, Ross and Boyd",Acquisition,Low,2025-11-29
Burton-Smith,New Product Launch,Medium,2025-12-08
"Yu, Washington and Lowe",Acquisition,Low,2025-11-30
Stevenson Group,Layoffs,Medium,2025-12-17
"Harvey, Curtis and Williams",Layoffs,Medium,2025-12-15
Francis-Beck,Price Cut,High,2025-12-14
Drake-Rodriguez,New Product Launch,High,2025-12-12
Ortiz PLC,Acquisition,Low,2025-12-24
Miller-Reese,Layoffs,Medium,2025-12-23
Hoffman PLC,Price Cut,Low,2025-12-13
Hansen-Gaines,Price Cut,Medium,2025-11-14
Schneider Inc,New Product Launch,Low,2025-11-16
Rangel-Hardin,Acquisition,Low,2025-12-16
Hester LLC,Price Cut,Low,2025-12-01
Williams Group,Acquisition,Medium,2025-12-14
Barrett-Shaw,Acquisition,High,2025-12-15
Phillips and Sons,Layoffs,High,2025-12-01
"Miller, Steele and Brown",Layoffs,Low,2025-11-21
Barrett Group,Layoffs,High,2025-11-18
Harper-Stone,Price Cut,Low,2025-11-12
Fischer-Brown,Layoffs,Low,2025-11-23
"Hernandez, Perez and Schmidt",Price Cut,High,2025-11-26
Brown and Sons,Layoffs,Medium,2025-11-16
Robertson PLC,New Product Launch,Medium,2025-11-22
Hernandez-Price,Price Cut,High,2025-12-11
Fleming and Sons,New Product Launch,High,2025-11-19
Mclean-Stone,Layoffs,Low,2025-12-19
Cooke-Saunders,Price Cut,Low,2025-12-19
Carr-Walters,New Product Launch,Low,2025-11-13
Palmer Inc,Acquisition,Medium,2025-12-08
Jackson-Robinson,New Product Launch,High,2025-12-08
Shaw LLC,Acquisition,Low,2025-12-22
Jones Inc,Acquisition,High,2025-12-23
Farrell-Bishop,Acquisition,High,2025-12-25
"Hoffman, Atkinson and Kramer",Acquisition,Low,2025-11-29
Ellis Inc,Price Cut,High,2025-12-17
"Arnold, Rubio and Young",Price Cut,Low,2025-12-19
Davis-Foster,Price Cut,Low,2025-12-03
Mccoy-Williams,New Product Launch,High,2025-12-14
"Lawson, Phillips and Smith",Price Cut,High,2025-12-09
Jones-Smith,Acquisition,Low,2025-11-15
"Scott, Blankenship and Price",New Product Launch,High,2025-11-24
Nixon-Walters,New Product Launch,Low,2025-11-15
Knight Group,Acquisition,Low,2025-11-16
Jones LLC,New Product Launch,Medium,2025-12-11
Lopez-Stewart,Acquisition,Low,2025-12-15
"Miller, Wood and Grant",New Product Launch,High,2025-12-25
Hanson Ltd,New Product Launch,Medium,2025-11-16
Lucas LLC,Price Cut,High,2025-11-21
"Callahan, Wood and Cabrera",Price Cut,Low,2025-11-12
Lawrence and Sons,New Product Launch,Low,2025-12-05
"Perry, Hampton and Randall",Acquisition,Low,2025-11-27
Soto PLC,Layoffs,High,2025-12-01
Garcia Ltd,Price Cut,Low,2025-12-12
Jones-Johnson,Acquisition,High,2025-11-11
Hall PLC,Price Cut,Medium,2025-12-24
Lin-Wolf,Acquisition,Low,2025-12-06
Hernandez-Tanner,Acquisition,Medium,2025-12-14
Wilson-Walker,New Product Launch,High,2025-12-19
Garcia-Miller,Layoffs,High,2025-11-14
Ramos Inc,Layoffs,Low,2025-12-17
Dorsey-Hernandez,New Product Launch,Low,2025-12-11
Wallace and Sons,Price Cut,Low,2025-12-23
Jones Group,Price Cut,Medium,2025-11-29
Jackson-Osborne,Acquisition,High,2025-11-24
"Wells, Howell and Ramirez",Layoffs,Low,2025-11-27
Brewer-Rodriguez,Price Cut,Low,2025-12-07
Franco Ltd,Layoffs,Low,2025-12-02
Johnson-Richardson,New Product Launch,High,2025-11-26
Carter Inc,Price Cut,Medium,2025-12-02
"Dalton, Potter and Payne",Acquisition,Medium,2025-12-14
"Carrillo, Scott and Hawkins",Layoffs,Medium,2025-11-12
Greene Inc,Price Cut,High,2025-11-23
"Anderson, Flores and Valentine",Acquisition,Low,2025-12-06
"Lester, Reyes and Richardson",Layoffs,High,2025-12-07
"Evans, Woods and Roach",Layoffs,Medium,2025-12-11
Hicks and Sons,Layoffs,Medium,2025-12-25
Cook-Watson,Acquisition,Medium,2025-11-27
"Parks, Tate and Walton",Layoffs,Medium,2025-11-16
"Bailey, Thompson and Smith",Price Cut,Low,2025-11-11
Fox Ltd,Price Cut,Medium,2025-11-26
"Pratt, Solis and Farmer",Layoffs,Medium,2025-12-01
"Vargas, Dickerson and Diaz",Layoffs,Low,2025-11-27
Cortez-Smith,Layoffs,Medium,2025-11-13
Suarez-Smith,New Product Launch,High,2025-12-15
Alvarez Inc,Price Cut,Low,2025-11-24
White PLC,Price Cut,Medium,2025-12-24
"Hernandez, Wood and Walker",Price Cut,High,2025-11-11
Patel Ltd,New Product Launch,High,2025-11-16
Martinez and Sons,Layoffs,Low,2025-11-25
"Rodriguez, Tyler and Gonzales",Layoffs,Low,2025-12-19
"Dixon, Mosley and Price",Acquisition,Low,2025-12-03
"Hill, Castro and Johnson",Layoffs,High,2025-12-21
Medina-Reed,Layoffs,Medium,2025-12-07
Johnson Inc,Price Cut,Low,2025-12-18
Thomas-Huber,Acquisition,Low,2025-11-20
"Thompson, Barnes and Sanders",New Product Launch,Medium,2025-12-25
"Wade, Hunter and Vega",New Product Launch,High,2025-12-24
Garcia-Hernandez,New Product Launch,High,2025-11-28
"Gonzalez, Mcintyre and Snyder",Acquisition,Low,2025-11-19
"Henry, Reed and Carter",Price Cut,Medium,2025-12-21
"Mason, Harris and Davidson",Acquisition,High,2025-12-15
"Stanton, Livingston and Daugherty",New Product Launch,High,2025-11-25
Gentry Group,Layoffs,Low,2025-11-22
"Donaldson, Wong and Jones",Layoffs,High,2025-11-29
Rodriguez PLC,Price Cut,Medium,2025-12-16
Williams-Murray,New Product Launch,Low,2025-12-20
Sheppard-Bishop,Acquisition,Medium,2025-11-23
Richards-Jones,Acquisition,High,2025-12-11
Porter Ltd,Price Cut,Medium,2025-12-06
"Gonzales, Graham and Meyer",Price Cut,High,2025-11-16
"Fernandez, Clark and Brock",Acquisition,Medium,2025-11-26
Collins-Reed,Layoffs,Medium,2025-11-14
Marquez LLC,Acquisition,Medium,2025-11-12
Collier-Henderson,Layoffs,Medium,2025-12-02
"Anderson, Allen and Wagner",New Product Launch,Medium,2025-11-16
Martin Ltd,Price Cut,High,2025-12-21
"Crane, Perry and Knox",Price Cut,Medium,2025-12-05
Johnson PLC,Acquisition,High,2025-12-03
Wall-Burnett,New Product Launch,Medium,2025-11-24
"Patrick, Brown and Gordon",Layoffs,Medium,2025-12-11
"Leon, Thompson and Perez",New Product Launch,Medium,2025-12-07
Brown-Park,Acquisition,Low,2025-12-18
"Morgan, Estrada and Reynolds",Price Cut,High,2025-11-12
Bruce Ltd,Acquisition,Medium,2025-11-14
Stevenson-Higgins,New Product Launch,High,2025-11-15
Edwards PLC,Price Cut,Medium,2025-11-23
Ramos-Landry,New Product Launch,Low,2025-11-14
"Norris, Griffin and Shepherd",Layoffs,Medium,2025-11-25
Sanchez LLC,New Product Launch,Low,2025-12-25
Brown LLC,Price Cut,Medium,2025-12-24
"Gonzalez, Wright and Rogers",Price Cut,Medium,2025-11-22
Deleon and Sons,Acquisition,High,2025-11-20
Cruz-Norris,Price Cut,High,2025-12-11
Hull-Snyder,Layoffs,High,2025-12-25
Wilson PLC,Acquisition,Medium,2025-12-25
Hamilton Inc,Price Cut,High,2025-11-28
Ellis PLC,New Product Launch,Low,2025-12-18
"Haney, Mcdaniel and Peterson",Acquisition,Low,2025-11-16
Wilson LLC,Price Cut,Low,2025-12-14
"Foster, Hughes and Brown",Acquisition,High,2025-11-13
Burke Ltd,Layoffs,Low,2025-11-19
"Conrad, Parsons and Hogan",Acquisition,Medium,2025-12-19
Francis-Davis,Price Cut,Medium,2025-11-12
"Patton, Harvey and Dennis",Acquisition,High,2025-12-25
Olsen-Kelly,Acquisition,Medium,2025-11-14
Weaver-Huff,Price Cut,Medium,2025-12-07
"Simmons, Williams and Maldonado",Layoffs,Low,2025-12-18
Gonzales PLC,Layoffs,High,2025-11-30
"Rich, Smith and Morrison",Acquisition,Medium,2025-11-29
Hughes-Anderson,New Product Launch,High,2025-11-29
Boyd Ltd,Acquisition,High,2025-12-21
