decision_id,category,urgency,delay_cost_mn,recommended_action
7b2be1e2-d2cd-4e93-a5c6-f9e3676eab10,Financial,High,1.64,Delegate
a3912305-6e95-4a70-8c22-2e734068745d,Operational,Low,5.61,Approve
05cbffcf-6836-4419-95a7-9334f81e9b08,Financial,Low,7.31,Escalate
d755348a-e92d-4246-8933-812753602d6f,Operational,Low,6.19,Defer
e9cbf21f-b3a6-4111-99fd-4dd0e6f135a2,People,High,6.12,Defer
82400f4c-a6e5-4925-942e-bae97250c5c0,People,Medium,6.47,Delegate
b0e2d52e-8903-4084-b53c-17fb8233fe03,People,Medium,9.21,Delegate
eb84c13e-d5a2-496f-af76-c8a03bb5cc45,Operational,Low,8.56,Delegate
f1bfd74f-64f5-4345-aa97-7b8542145484,Financial,Medium,9.45,Approve
becdd476-9bac-4355-8b55-08fdabaed626,People,Medium,7.4,Escalate
2592372d-9748-455f-9275-7659b9921877,Operational,Low,0.91,Escalate
c5b69759-b1e2-4d51-8852-0fa46b16efbf,Strategic,Low,3.62,Defer
114cbe0b-bbaf-4ce7-bb82-57cd5bffc034,People,Medium,2.47,Escalate
7bf7343d-c9c3-4d89-8ff5-36c106783638,Financial,Medium,9.86,Escalate
1d87d47c-ef08-4382-a5e2-b9deea8c37e3,Strategic,High,3.57,Escalate
0bc0c8f4-8e84-4cf2-a82e-17425d4f1267,Financial,Medium,1.29,Escalate
ec4e3475-9d4f-4e1e-a1f0-e0468cce2895,Operational,Medium,8.24,Escalate
8d28e869-6dc0-4f7f-a512-3497f9c99c51,Financial,High,7.04,Escalate
2bb939f9-19f9-46cb-8b62-771b19d195c5,Financial,Low,5.68,Approve
976f1397-8df4-41f3-9bb7-825882d39a5a,Strategic,High,7.5,Approve
4a37cb9c-8571-4d35-9341-9c54eb3c22e6,Strategic,High,6.56,Approve
d53f51ed-6837-4d18-ba33-635193aa325e,People,Medium,7.09,Defer
f55e7620-54a9-49fe-b649-833fdf7ccec9,Strategic,High,6.79,Delegate
20301545-8c61-42cd-a05f-1f9fa90af66b,Strategic,Medium,3.81,Delegate
99de2a5b-51f2-4706-882c-0aaa07ce6c3c,Financial,High,8.63,Approve
ef79fa53-dca8-4d17-95d2-c2848c51c071,Operational,High,1.32,Escalate
148d3e45-abe6-4ff6-a7c0-e12807000895,Financial,Low,2.15,Defer
fbe1beee-4698-4edf-bf72-7c72cbfc7874,Financial,Low,7.14,Delegate
73a5e144-1ace-48b8-8603-8bd0c14c5579,Operational,Low,3.83,Defer
3d40bf06-8497-4a7f-b6b4-116dd62b548f,Strategic,High,4.1,Approve
d2aae766-d335-47d7-b796-1f9713fc8aa7,Operational,Medium,3.16,Approve
426b7414-8a82-4966-b5e1-618edf6309f0,Strategic,High,8.76,Approve
274a70db-956a-4abf-a3da-21595967b082,People,Low,9.28,Approve
288d9aef-d92a-4d4e-ab29-3074f1dfd6e1,Strategic,High,1.75,Delegate
49801482-524f-42a9-a849-cd4bd5fc2ee9,Operational,High,8.5,Defer
f9e15240-2efd-4e98-bddf-530767bdb04d,Financial,Medium,8.26,Defer
2f166cb0-c7a2-401c-8f89-79eab0848f12,People,High,7.12,Defer
4f8ab5da-c2ef-47f3-aed3-e9b43f8bf1d2,People,High,0.76,Approve
377fb047-256d-4078-b102-4970b799b725,Financial,High,0.58,Defer
949f2be3-1bc8-453b-bd34-26b35ff6e52f,Operational,Low,8.47,Defer
99ae4096-0b6a-4857-bba2-4d8b0a99faa8,Financial,Medium,9.34,Escalate
69b29e99-e940-45aa-8be9-ed50a6d3c4fb,Operational,High,4.55,Approve
52fa27b2-40c0-4291-aeed-eb3348c83e6f,Operational,Medium,3.29,Defer
22f74cc5-af18-4bb2-b9fe-58878519ca3c,Financial,Medium,5.2,Defer
e15eb582-9df8-4c0c-afb3-a2abbb0ff09c,Strategic,Medium,6.75,Defer
6b6b7a06-c358-4dfa-8601-5d32291c1e59,People,Medium,6.71,Delegate
208f87b0-dd47-41e0-98fb-ffda2c14c4ac,Financial,Low,6.96,Escalate
efbdaa5e-cdf5-4dd7-bd2e-6e88910afb73,Strategic,Medium,5.54,Delegate
c04add58-32cc-484b-b64a-b62996834467,Strategic,Low,9.22,Defer
7bae5eec-8dc2-4159-8d1d-c76fb695f8d0,Operational,High,6.81,Defer
cf527805-3390-4f15-8f0a-731ed2858d43,People,High,0.83,Approve
4f9bfa2a-b5f7-452c-9acd-631aec3b2ab1,Strategic,Medium,8.17,Defer
931d0a6d-4cb5-4e1a-929b-5add87529f8b,Strategic,Low,0.4,Delegate
e09f064b-aaa8-48ac-9f8d-00b0d229db7d,Financial,Medium,0.59,Approve
d476dbd6-d819-4bd5-8b31-cdaf33fa76f5,Financial,Medium,1.1,Escalate
154200b2-d382-4b9f-8345-917c9b1018b5,Operational,Low,1.74,Delegate
ecd06c7e-f9d7-4747-ac65-9372caba9757,Financial,Low,2.12,Approve
9a25fff2-4209-4788-9e8a-255c02fb4c49,Operational,High,7.23,Escalate
6b061ad4-55ea-4b6b-ba9d-f50bca295e96,People,Low,3.45,Delegate
93887e9e-baa2-4576-a00e-597348b31189,Financial,High,9.34,Delegate
0d79b3e6-da5e-42f1-9d70-44ef6e75616e,Operational,Low,1.35,Approve
e09c5cca-caa7-4ec6-a48b-77953d851809,People,Medium,3.5,Delegate
ec4ddb62-2805-4105-937e-5bd1838736da,Strategic,High,1.39,Delegate
f67eccb1-a19a-4ef4-86cd-1c322d71757b,Financial,High,1.82,Delegate
1f14e2a4-3cfc-475b-9508-de8c2ba79871,Financial,Low,3.61,Defer
52558bbb-7d5e-472f-aa86-b80063e9415c,People,Medium,5.35,Escalate
39bfc022-4d61-4197-b511-f1237093d10c,People,High,3.25,Defer
5d814843-c8b5-4858-9d00-6018f7858b83,People,High,5.31,Escalate
28ea5a24-3f69-4ae8-958a-027f15729989,Operational,Low,2.0,Defer
770585fd-5d77-4afc-a246-25886009c3fd,People,Low,4.75,Escalate
187a0451-00cf-4975-9c38-22fb8c4851e3,Financial,Medium,2.13,Approve
64b88c7d-fa66-4ea2-8308-450c8454c139,People,High,1.5,Approve
fc03ac33-2384-4681-9ac2-b6892bba5675,Operational,Medium,1.45,Defer
4c7101f7-b32f-42a6-b81b-9f76e7523b2e,People,High,2.75,Approve
60a83da9-40a4-4dd6-ac52-8f44adb79d00,Strategic,Low,5.83,Defer
81c1392b-2b0f-4f9d-a3cd-dbea1b1a47fe,Financial,High,0.17,Escalate
09340741-6536-40cf-b76e-39efdb277f95,Strategic,Medium,4.88,Delegate
87227921-37fe-4e8f-a816-a9598021e748,People,Low,6.87,Defer
deb74cb8-878c-4251-b809-b1e00f52bc45,People,Medium,1.36,Approve
5db0596c-6f59-4aee-a05e-79156d780c64,Financial,Low,5.06,Defer
81a0ff15-a7e6-4656-8167-92063121a064,Operational,Medium,4.64,Escalate
32ac5f4e-7e1c-4598-bacf-1902f33addfc,Financial,High,9.05,Defer
f48d0c29-15c7-4a84-8902-cead0692b8c2,Strategic,High,6.23,Approve
91641d8d-f8b0-469f-9cd3-f61c448ff474,Financial,High,6.18,Approve
050c8729-076d-4500-a526-2f6b617e1940,Operational,High,8.4,Defer
76969bd9-abb5-4407-b7e9-c24524071620,Financial,Medium,7.1,Approve
181e9da1-dafb-4067-aa52-b901e3127a77,Operational,Low,7.41,Escalate
86f72d02-a7a0-47ec-ba49-4b6adf902410,People,Low,8.29,Escalate
8286c96e-be82-43f8-9108-07cc43317605,People,Low,6.12,Defer
0a450d65-baf7-4acd-991c-555c9d7cd7c8,People,High,1.43,Escalate
7b18281d-df33-454e-bbde-4e22eb44c57a,Operational,Medium,8.96,Defer
cb02786a-a639-4d41-b251-7e1afb800826,Operational,Medium,0.91,Escalate
47605b81-8710-473c-8d96-048974495e9c,Financial,Low,8.34,Approve
6e381fa2-89d5-4130-888a-f623797933ef,Operational,Low,4.7,Delegate
2eef854b-9128-4fbd-8013-87fd24d19290,Financial,Low,8.88,Defer
6547920b-3aad-43c2-8397-9b80c2decc67,Strategic,High,5.8,Approve
a246fbc6-f60a-4519-b0d4-1d3256d9dcda,Financial,Medium,5.9,Escalate
2bc76521-088c-47f9-9f7e-ab8423587c1a,Strategic,Low,7.05,Escalate
41122f49-df41-48ec-9800-905a1633cef2,Financial,Low,5.21,Delegate
52ecd86a-1c9a-4743-b707-854cebe1b6b4,Strategic,High,3.46,Defer
490fd2b3-479d-4653-a84e-146605b74771,Financial,High,2.48,Approve
023ca63a-b1cc-4aba-9434-fc972d9f688c,People,Low,6.13,Escalate
26305c8b-0297-4a26-8cb8-ea6b95ea1bc9,Operational,Low,2.32,Escalate
7c479c1d-766f-407b-bf2d-bd1944b5c664,Strategic,Low,6.39,Approve
1b878f46-b19e-4c56-91a9-72c448130ac7,Operational,High,7.78,Escalate
fece1f7b-24d5-416a-b15f-21a15903e412,Financial,Medium,4.11,Delegate
1cdf97d0-6e83-4fd5-866f-cca9e162e23b,Financial,High,1.79,Defer
78a981e0-8c61-44a1-aee3-8b5c82ba6ce1,Financial,High,4.46,Approve
a7d641f0-de01-45d1-b936-dc84c7feb63f,Strategic,High,8.69,Delegate
cd824992-4a0b-4cb1-82aa-c8660cfc83c6,People,High,7.61,Delegate
3a01e46a-4adc-4218-ac9d-ce178f05cc08,People,High,1.26,Escalate
d93f1a77-430b-4970-a5b0-2178f9888e59,Strategic,High,4.93,Approve
bda59470-3b13-442a-be26-5a645dc14c02,People,Low,5.19,Delegate
d30380bc-7f6e-4db3-bf90-e30160d3f069,Financial,Medium,2.69,Defer
8c78dd14-7d9b-408b-b561-364e62020d1b,People,Low,5.85,Approve
8a83c05a-2b6b-41ee-b73e-46faee6de2e3,People,Medium,4.03,Delegate
2b9a5261-bcb5-44d5-96e0-07e3c117720d,Strategic,Low,4.06,Delegate
3dd177d5-8aee-4487-9ef1-defea9ffd574,Financial,High,4.41,Defer
d72ac900-0dcd-48b0-8b06-343be000ed94,People,High,4.38,Escalate
c5e7f37e-cd40-4329-a75d-80540e96534c,Strategic,Medium,1.72,Delegate
b058b150-f602-4c71-a8b7-f8958dca349d,People,Low,5.17,Approve
7397b843-7e38-450d-a6cd-1052fd903eb0,Operational,Low,5.57,Escalate
86e1adce-70f5-47aa-af76-3d40c34c8bf6,Strategic,Low,5.89,Escalate
b18014c2-5ce8-4da6-b0ea-37c0b7eafc30,People,Medium,2.32,Delegate
d972fe69-dd51-41fd-970c-165f1447ce01,Financial,Low,8.16,Delegate
ff20fe55-cf31-45df-b62f-f395d3a40aab,Strategic,High,6.09,Approve
e3f888e8-2696-417a-a290-9637da8c5739,Strategic,Low,8.08,Defer
2db74232-ecfc-4f13-b6f8-2a9cd766c264,Financial,High,1.99,Escalate
acc5afe2-1d62-4592-8ed5-50601d649e5a,Strategic,Low,5.92,Defer
bfeea86e-884d-4a9a-8cea-3ad77ff5afde,People,High,7.49,Defer
0dfaaa5c-99e6-47c1-a9c3-7f5418a3f607,Operational,High,3.68,Delegate
d63fc6f6-fd80-43c6-be5b-e9addfca3eee,People,Low,5.24,Escalate
c2fd0da9-9bd7-41a1-8099-89c18d0bedeb,People,High,9.0,Delegate
8da270ee-5d8d-493d-ab51-f60c24c2b0c9,People,High,8.74,Escalate
e41a5530-cac6-4c3c-8837-b6181e0d1987,Operational,Medium,5.68,Delegate
71b7a4ce-8e33-4c72-9bdb-bc7d9ddd5aa3,Strategic,Low,7.08,Approve
9e9a0c5a-943b-4372-aaee-753d0a76408b,Financial,Medium,9.51,Escalate
3811da40-f669-4b84-88b8-6642f78aaf7f,Financial,Low,6.45,Escalate
dc125f51-25e2-4c34-a464-c6d887a00f8e,People,High,4.07,Approve
1af8d3c4-ad98-41d9-a5e4-9bca056ae202,Financial,High,3.29,Approve
f7416362-10a0-4fdf-ac24-fc4672abf49b,Financial,Medium,8.43,Defer
f4b44e8b-96e2-4f40-9952-f1ed68dbbaed,Operational,High,4.14,Approve
67af8d7c-36f1-4ff8-9069-59a27926ddc8,Operational,High,8.08,Escalate
85dc6707-1044-49e1-8dd4-e725883f39a8,Financial,Medium,2.46,Delegate
cb9a7268-c787-4a52-b81c-f6ed1b484bd9,Financial,Medium,5.0,Approve
a98a2fdd-c5e9-4845-84b8-47da132429c9,Operational,Low,9.26,Escalate
3f14c42b-953c-481d-b9e1-66892baa8caa,Strategic,High,0.74,Defer
97c5e86d-a494-4042-aa3d-3e06bb6d87ef,Strategic,Medium,4.3,Defer
255f1dd1-a664-41ff-acfd-6ed867b19b3e,Financial,Low,2.98,Approve
2e962f87-f504-45f9-b1d5-0fde5ba8ea39,People,Low,2.96,Defer
ec55bb17-6512-4b85-937e-ecbb496743af,People,Medium,5.69,Delegate
81dc2293-7212-4805-99c6-9507fb3723a9,Financial,Medium,4.54,Delegate
67dbf731-824e-4fb5-b7aa-f1cabc141b97,Operational,Low,1.18,Defer
493d8cf6-9b4f-4306-8cc3-3bf139af0f21,Operational,Medium,9.4,Escalate
b7606322-376e-4875-b074-2955ef5a2da3,Strategic,Medium,9.6,Approve
22011820-d9fd-4bde-98d6-7ba28d48df94,Financial,High,5.01,Approve
23c24d0f-2b5c-44db-bdee-320e5a20eacc,People,Low,3.92,Delegate
41f69598-5972-4e55-9bc2-44eec68175a8,Operational,Low,6.77,Approve
d73d5a67-9c46-43ba-a3ff-61754ac5c80c,Operational,High,6.47,Delegate
a1827ca6-77cf-4d9b-bf3a-d80bfb4683a8,People,High,9.5,Defer
180c276a-ba96-4596-9e2a-c096a0a87eef,Financial,Low,3.52,Approve
a45ee08b-060f-4f83-a8d1-bf4ba56c5884,Operational,High,0.11,Escalate
842fe775-cb48-4b11-9842-a3649df632d1,Financial,Low,9.2,Approve
4c27884f-f6d5-4034-8d89-00d4b979ef92,Financial,Medium,5.73,Approve
692d27e4-4653-4687-a715-27408a3072f8,People,Medium,2.75,Escalate
e67e53e6-8ca3-478f-8525-c10e419677b8,Financial,High,0.94,Delegate
487adbea-9dd1-42e2-ae29-f9f65cb15782,People,Medium,1.54,Approve
b638b359-d577-41ad-adb5-6316d59d47c6,Strategic,Medium,2.62,Escalate
f0841500-c2b7-45b9-8e4d-d22784fa5cfc,Financial,Low,7.61,Delegate
85084af6-7a7b-45ae-a344-5983bd4e5869,Financial,Medium,9.6,Approve
01bf0f27-57fa-4805-a14f-cb5243b885d8,Strategic,Low,2.49,Escalate
76667dfb-8ca3-4920-9eaf-032f6eec4649,People,High,1.79,Escalate
a18b93fb-446f-4dd2-b2f8-cf254db038c4,Financial,Medium,4.18,Delegate
7d84b0bb-1c64-42cf-8f3c-cbf02510bc7f,Financial,Medium,3.45,Defer
df2dd3e1-f8cf-4f90-b6a8-33c59f2771e3,Financial,High,0.87,Approve
bc1a5bbb-7283-4f05-8d6e-405fdb50ef34,Strategic,Medium,8.69,Approve
6a35fe71-d452-4fdb-af7d-a09b357194d4,People,Medium,9.32,Escalate
fc5907c9-29b8-48b0-933b-b6bc2986fe3e,Financial,High,9.37,Delegate
816bdd2b-9d60-4ecc-815b-49bfb9eaf98d,Operational,High,1.23,Escalate
83fe9612-78e3-4caa-aa5f-f1e31fe9daa3,Operational,Low,2.54,Approve
f4467ef3-6ce4-4c8d-a17a-02b61a41c433,Strategic,High,6.86,Delegate
fb337164-2740-452a-af0a-2d35876905be,Financial,Low,5.6,Escalate
2c004f1f-e9b2-4a8b-bc2b-825eef5e78ec,People,Low,9.53,Defer
a50f71a2-36f2-4d68-a7cc-9ad004c8fff6,Financial,Low,4.19,Defer
76678011-03e1-4b78-8efe-6d1feac011f3,Operational,Low,5.21,Escalate
6f2df8c4-dc9f-4b16-8a78-64304fbd6e5a,Operational,Low,2.39,Approve
ef905cdf-c1ad-4a51-8393-cd6032ed38ef,Financial,High,9.8,Delegate
0b2a1932-732e-462e-b34c-d108d8cb1da4,Strategic,High,9.0,Delegate
13bccfc4-578f-4f17-9e9e-e5b38b5589f9,Operational,Medium,5.95,Approve
52dc104c-b435-4c34-a07e-368085723864,Operational,Low,1.83,Escalate
d1899637-8d8d-4e5d-8ee9-af30f8514d20,Strategic,Low,1.04,Escalate
127c915b-10fc-4215-b8d9-6be8924602bc,Strategic,High,2.57,Defer
369a69e1-ad26-4859-bdd0-e039f29ace60,Financial,Medium,6.94,Escalate
8f9bb993-32fb-485e-ad6b-bbcbada078a7,Financial,Low,0.74,Defer
f9975dea-32af-476a-aa12-8582a8ad10df,Operational,High,0.76,Defer
e2c2f326-08e6-4c0e-bfb1-b64d0b89945c,Operational,High,6.56,Approve
bbb694f2-949a-4e62-b69e-931efc6a2191,Financial,Low,6.35,Approve
e2376e71-1f1d-464f-a8d1-b7f7e3058592,Strategic,High,4.76,Approve
b74b9227-dad7-48dc-9a0d-d022d82c11f6,People,High,0.38,Approve
ce5ff2df-00df-4fd5-a950-ed2a583a5cca,Financial,Medium,9.42,Delegate
0d8341e4-59fc-43a5-bbc6-7238f7f66cce,Strategic,Low,8.19,Defer
58a3c1f5-6b8a-4f02-8e38-87ab3472772f,Financial,Low,1.5,Approve
52819138-779c-4e18-8a61-79f663d926b9,Financial,Medium,7.54,Defer
14dd4d20-f9c6-4107-9c3b-a8c0c88e3af3,Strategic,Medium,2.03,Delegate
7941de31-951a-4eff-abfe-0de4ffd62261,People,Medium,1.87,Escalate
c2b8680c-71d6-4c79-af0d-4af1d84ba1e1,People,High,4.93,Defer
0a9f964e-3289-4928-8cd8-f6364f62c854,Operational,High,6.19,Delegate
12fea67d-2913-4fa0-8ff0-741c7abfe116,Financial,Low,9.17,Approve
8cc868d2-d528-487b-be1f-d85dcc4d2398,Strategic,Medium,4.45,Defer
960fec45-2e88-461a-955b-3af3eba7f4e9,Financial,High,3.95,Escalate
a5cc1c7e-76d4-44a9-a0a2-0a9d7a39b93e,Strategic,Low,5.16,Escalate
1f99f59c-d739-4145-a860-6dc96b404b47,Operational,Low,7.68,Approve
00a247d7-41ae-4ea7-8be8-2f4265096569,Operational,Low,6.08,Escalate
c115120a-d1b6-41ef-a718-7ccff9c1c2b3,Strategic,Medium,3.6,Defer
5c350522-4977-47bb-90a6-4a212587cfa9,Operational,Low,1.01,Approve
1a021a40-3c79-45c1-a9f0-06b806642cab,Strategic,High,7.41,Delegate
566290e9-ae2a-4b10-a7a6-7f7b3b61514d,Operational,High,2.99,Defer
98e42572-2c7b-4141-981e-12c3bb0fbe0d,People,Low,9.99,Approve
38925812-915c-41b3-8299-376dc4b5ca55,Operational,Low,2.93,Approve
46a1e861-eb76-48fd-b7c6-aeb2910e67b7,Financial,Low,6.73,Escalate
72305ce2-ca12-467b-be80-27136b463500,People,High,8.13,Approve
b5f2317c-b16c-47e3-af52-84fbebd66560,Strategic,Low,4.94,Approve
66139a9b-250a-455d-95ed-b432e0ce0787,Operational,High,4.33,Escalate
16a32c23-97f0-4b59-a384-cd0d5fb5a23d,People,Medium,7.87,Defer
a2363039-5f0f-41d2-8010-b7a4bc7ad4e2,Financial,Low,1.07,Defer
15c98239-32b6-41db-88ae-91af9a6770a8,Financial,High,8.02,Approve
75342424-d2e4-4fea-96e7-73aa317d0ab7,Financial,High,7.06,Escalate
0750a3e2-6700-4da8-b21d-dda1393d4b60,Financial,Medium,0.62,Delegate
73ed0aae-5004-4473-bbcc-3682087a72c6,Financial,High,9.61,Approve
09e5807d-3444-4274-8673-3b230e5174b7,Strategic,Low,6.88,Escalate
a53e13f9-b3b0-4137-adf6-98dd392e7515,Financial,Medium,3.91,Delegate
b3c3d1f7-5d04-4e4f-91b5-d2e1016283fb,People,High,8.46,Delegate
c959187e-9881-411b-b0ea-fbde5bc3bfa7,Financial,Low,4.94,Delegate
c7a1de3f-db81-4361-8896-881bd5dbaa9c,People,Medium,3.41,Escalate
808d6580-6b8d-4af6-a9b5-38a3126d2998,Financial,Medium,0.56,Escalate
b3cdfbf5-c036-4f35-ab77-4a9c0e33e72d,Financial,Medium,7.88,Approve
1928f8f0-f901-4a53-9ce3-9bbd10190b9d,People,High,9.3,Escalate
df5cc3c9-c221-43d8-808d-6f586b2e12f2,Strategic,High,0.93,Defer
c66b2083-ed35-4ce0-971c-7b87718788e9,Operational,High,0.61,Delegate
44a28aa3-3a1a-463a-aa23-67bfc765f150,People,Medium,7.93,Delegate
9859ea85-2be9-49ae-97af-f6db58979697,Strategic,Medium,1.67,Delegate
3ec85f9e-4581-42d6-8769-cdaf2b55fe6a,Operational,Low,4.19,Escalate
998fb384-51f9-4322-94c1-43644143af3d,Operational,Low,0.65,Delegate
bc63a7aa-a90c-46e7-b5d1-c4050b9b199e,Financial,Low,5.4,Delegate
a0212be6-512d-4fdd-9056-a9957a2e765e,People,High,8.28,Escalate
cd8a1d4f-443e-4597-b3df-4572f4cb4f22,Financial,High,4.52,Approve
a97fa6c1-3834-455b-bde3-2ac91ab3d850,Operational,Low,8.64,Approve
5f0bf1a8-b6e2-4238-89f0-2ce566a035e5,Financial,Low,6.28,Escalate
2108201c-0155-41b4-aaef-6ea4143cd76e,Financial,High,3.41,Delegate
e44c1b47-c487-4e70-9cdd-d4c535a2452c,Operational,Medium,4.99,Delegate
a1d38da1-ace5-4f7d-a98f-cbf1dce63814,Strategic,Medium,5.52,Defer
4cd6383d-74da-4f94-86c3-1485ed6218ac,Operational,Low,6.06,Delegate
7cef0ad6-5a04-417c-898a-0991d082f4c2,Financial,Low,1.14,Escalate
ea7ceaba-a26c-4425-8e27-5be934483c0f,Operational,Medium,4.42,Approve
35fffda4-2c2d-4331-9c82-9c36cbbdc881,Financial,Low,2.1,Approve
8c7ccfd5-862b-4c57-a8bc-507d629ade48,People,Medium,8.51,Escalate
41c9a874-dfc3-4f89-b08b-b05313771490,Financial,Medium,7.54,Escalate
33696570-d798-4978-a99d-e9d0589262a0,Operational,Medium,2.66,Delegate
013c70ad-476d-480c-82bc-ad87d147bd96,People,High,1.74,Defer
c9f27344-e294-48f2-88b6-126b3c344cc3,Operational,Medium,1.39,Escalate
03abf0d7-5542-451d-9002-92674b11d294,Financial,Low,8.34,Defer
9b8f31a8-449e-4122-a290-e7bb89393367,People,High,9.8,Defer
14fcc954-3d81-4338-b09d-9618e8ccd918,Strategic,Low,7.63,Delegate
f2d0f0ed-8a91-4928-a922-0d17bb383abc,Operational,Low,2.7,Delegate
3aa09756-3301-4e09-ae80-5e6591f33ab8,Financial,Low,6.44,Defer
73a8a007-69ef-4062-a9eb-2492f5c9afce,Financial,Medium,8.77,Defer
b5162b61-094d-4660-bb18-57a03029ad37,Financial,Low,2.57,Delegate
2efeab11-7c42-4548-b6bf-34eac7e2d70e,Operational,Medium,1.86,Approve
ed505358-2c7d-40a9-9c6b-cf6613ca1095,Strategic,High,4.42,Defer
3924bc87-2e8e-4b62-801e-62b629a49daa,People,High,2.04,Delegate
ff874995-0b5b-4f1c-a14f-f62ea2ef8db9,People,Medium,9.0,Delegate
fa77a28b-a627-4312-a565-cc251fbe293d,People,High,6.27,Approve
f8e32ba1-30ab-4820-9135-3f6ed7d414dc,Financial,Medium,4.37,Approve
559d5f2a-15b0-440d-935f-4f1a0facf958,Operational,High,2.24,Escalate
8f4ee89f-73bb-4140-86f7-c6c39ffee98f,Strategic,Low,8.86,Defer
c295f42f-5b80-4015-b6d8-742ebb7d8d15,Financial,High,1.5,Delegate
15248a3b-67ee-4f11-b6eb-3b227d86a437,Operational,High,0.9,Delegate
0adcbcb9-aebd-455b-82c3-dc8783c4dcf2,Strategic,Medium,5.1,Defer
82fb076f-2be5-4d42-a751-32670ed377dc,People,Low,5.75,Approve
b3283892-63a9-4f24-a9ee-33639ff91283,Strategic,Medium,8.49,Defer
6d7d3a4b-c12a-45d2-8ae7-6a41a8a04643,People,High,5.43,Escalate
a1daff43-babb-4394-8874-668cb667b5ff,Operational,Medium,1.3,Approve
9ac4c38e-c4c7-4eb8-9eb5-963d58373349,Financial,Medium,4.44,Approve
ff6283ff-1828-4e0c-903c-e903ad44db1a,Financial,High,7.33,Approve
eaf8bab7-60e9-49ec-b859-cb9bd0d5c4f0,Strategic,High,4.96,Escalate
e17e4be2-b700-4856-9500-99361b127b03,People,Medium,1.29,Defer
a64c1343-f6fa-43ab-9a2b-fd3304940d41,Strategic,Low,7.44,Defer
b9ea9784-4012-4a07-922b-b682793f7232,Strategic,Medium,5.15,Approve
af2c8220-6cfa-4d32-8bcd-901eb82598ff,Strategic,High,2.78,Escalate
a449edb3-17f6-42df-93a7-1c340fd3db35,Financial,High,3.34,Delegate
d43306ac-90ec-453e-a779-4a5955a7ad54,Financial,High,3.28,Delegate
364a18f1-da0b-42f9-8273-22f64292e7ef,Strategic,High,4.67,Delegate
bc516c81-4e37-4c75-9f96-fee3387ce554,Financial,Medium,1.25,Defer
1122d78b-5f11-425c-a7cf-962641a6b7da,Operational,Low,9.28,Approve
6c197f6b-a2da-4dc2-9bc6-834ec0a560f2,Strategic,Low,6.54,Defer
a19e30b6-18f4-4450-9921-34337835c09d,Financial,Low,7.33,Delegate
53a185be-d6f3-48a7-aba2-5726d2cf8eaa,Operational,Low,5.31,Approve
f656e8aa-b1fd-45f6-88a1-f5493c0526e4,People,Medium,9.03,Escalate
c9209c7f-1ad2-4913-b247-f24c67ecca1b,Financial,High,2.07,Delegate
9aeaaece-eeea-442c-9f62-5f35ef80fed5,Strategic,Low,2.11,Delegate
a129c356-a0d0-4408-9c8e-87d7c89d97a3,Operational,High,9.41,Defer
6fb63add-0301-4c31-bd11-d0c4aab05c1f,Strategic,Low,2.61,Delegate
3d22482e-f94b-4c08-8841-01e81c19eebb,People,Low,5.7,Approve
75b31181-af0d-41da-9c35-61281addb102,Financial,Low,9.49,Delegate
c0295d8b-8c55-4ebc-a983-b053b2682479,People,High,9.49,Escalate
2afc9780-bd83-4daf-b8d9-0f8b6af242ff,Financial,Low,9.21,Delegate
7761100e-3999-49fa-a0ae-7e5afbd18834,Financial,Low,4.17,Defer
908bec56-6804-47a6-8b4c-ac97c2162865,Operational,Medium,9.97,Defer
66950962-28e8-4791-813e-acfe5a33b8e0,Operational,Low,4.79,Escalate
5f7010bb-33e0-4f40-8499-e4382a49a541,People,High,1.94,Escalate
62c57875-533d-4a5e-9722-ea21d08adbaf,Strategic,Low,5.37,Defer
6226640c-4e58-4654-a6d1-871e421ec89a,People,Medium,4.48,Escalate
252fbb02-1eff-4103-8ca6-98f25243f071,Strategic,Medium,7.55,Escalate
6ae78e23-342c-4bf6-8d4f-7a2740285dbd,Operational,High,9.76,Defer
a1c55603-75dd-4b09-b3dc-e7b5f11fcefc,Financial,Medium,7.2,Defer
205971fa-2183-4628-96b5-71079fb89864,Financial,Low,6.14,Defer
11457c67-5b73-4a59-9f21-cec6581638cd,Operational,Low,2.01,Defer
677b6b21-9e94-431f-a058-5212fb1f2fdf,Financial,Medium,6.4,Delegate
4b796013-4365-492d-8c50-9f30ca8b3f4e,People,Low,6.37,Approve
a0350945-a69b-4ca7-bad9-a46ed0bbbf03,Financial,Low,1.48,Escalate
578d6d89-07ba-4fe9-8154-b49010145011,Financial,High,2.98,Defer
a66fe7b9-f48e-48e8-b381-b5ba03ec4194,Financial,Medium,1.28,Defer
55df055a-9685-45ff-9762-808a41cac2a4,Financial,Low,1.97,Approve
4eea6e64-cfd2-4a32-a062-ea53f48cdcb8,People,Low,4.27,Defer
9b2e90f8-3cae-4355-a28c-9571489cbeb8,Financial,Low,3.17,Escalate
ac1dbbdf-04f3-41ea-b6f6-ef931e02769c,Strategic,Medium,9.79,Approve
576837e8-acee-4b18-b3ad-86175119df37,People,High,4.62,Approve
435443d3-39f3-45f0-b537-58ca4736a9bb,People,High,4.25,Defer
d4b7f710-eaa3-4a7b-859a-f5d9d9d23b4c,Strategic,Low,9.98,Approve
d0e76d1f-3177-4aa9-87fc-aa9e2bc4700d,Financial,High,3.92,Approve
b5cb22bb-6673-4944-a0b0-1c15a4584c2c,Financial,Low,3.99,Escalate
7948c415-18f6-4a6f-b07b-e922b3465664,Strategic,Low,5.28,Approve
0337213d-cd15-4df8-ad52-a9069f4dfae9,Operational,Low,9.69,Approve
9d73382d-a967-4c84-86e0-7ef4f392efc5,Operational,Low,0.95,Delegate
95961ea8-d558-4ce9-b5a5-e71e5cdc0fb4,People,Medium,1.87,Delegate
fe163620-3b1a-4e68-8b50-28a696c1aeb9,People,Low,0.25,Delegate
c5820370-32e3-4191-beee-ceaf4f7ec2fa,Financial,Low,2.66,Escalate
e304edfa-f646-4351-ae4b-09be8b8f64a0,Operational,High,3.48,Defer
f1c7821e-5e00-4233-82b3-6c2589593024,Operational,Low,2.1,Approve
d7e97599-b866-4a5f-9d23-7dabfa239e49,Operational,Low,7.98,Approve
e1abee7c-9d5c-40fd-8e75-db12397e294a,Strategic,Low,8.8,Approve
2ffe2c5b-1d98-4261-8e38-00006404e65b,People,Medium,3.11,Defer
ff991680-1165-4df0-be17-b6c7574a0666,Financial,Medium,0.57,Defer
43bee004-9b67-4df5-a359-77b8dadbdf22,Strategic,Low,7.14,Defer
0812f46e-415e-44fc-af7a-d1a726d9f7b4,People,Medium,1.54,Defer
2371f1ce-76b1-4fb3-aa6b-3d03501dbc65,People,High,4.96,Escalate
061583ee-b62f-4809-86c0-c0c4a4161254,People,Medium,6.78,Approve
41897a83-341c-4545-a47d-8ec68a789676,Financial,Low,4.37,Defer
85ddb21b-c159-439f-a714-0836a82fd3ce,Operational,High,3.41,Delegate
81cf27ba-762b-4e65-81e2-1df05730ed8b,Strategic,Low,1.16,Defer
eea358e5-0118-4382-885b-7f6729ba76f1,Strategic,Low,8.36,Escalate
42eac1af-5420-4467-9ad1-5452a583c506,Strategic,High,7.45,Delegate
c33320bc-31b2-4c72-9d95-3ce38f77aff3,People,Low,6.69,Delegate
663e7ed4-d680-47c1-91d2-dce2fe80f44f,People,High,8.51,Approve
445ad694-887c-459a-a7ab-725ea4bf155e,Operational,Medium,4.87,Delegate
b3bfad83-3a28-4550-92e0-f9273d052aea,Financial,Low,9.26,Escalate
e7f558e9-621d-45f8-bc78-3ee5b7334305,Financial,Low,7.38,Approve
b5902079-64ed-4c89-830a-b347473c2720,Financial,High,6.59,Escalate
e4e0e0ed-8b75-4068-94ba-2de058722dab,Financial,Medium,1.28,Delegate
fb1637f3-4d94-4081-a97f-423eda878b3e,Operational,High,8.25,Approve
0c1e4994-0733-4551-b589-0bae31163d2d,People,High,4.44,Delegate
455f909b-2617-40d5-8e90-ea424951647e,Operational,High,5.82,Defer
d18fe476-b53b-4245-bf38-220d281af472,Financial,Low,7.95,Defer
5ac7539d-7dc6-4346-ad36-126a1776205c,Strategic,Low,0.18,Delegate
45cd8d56-555a-459b-aba6-85962618e5e6,Operational,High,6.65,Delegate
97dee0b5-8751-4470-83b2-ff9bca3840ad,Financial,Low,7.3,Approve
6fc04c3f-358f-41c2-a5bd-3359c865fb1d,People,Low,1.74,Delegate
ead8747e-f875-4b64-a1c9-9c66a9b14f64,Operational,Medium,9.22,Delegate
fdf9353e-cb8a-4058-bb1c-c56377841cde,Operational,Low,5.65,Delegate
a0f463a7-7b6b-493d-ab73-b36898b5327b,Financial,High,0.64,Approve
8a6b8a38-7a33-4f88-a176-9dd36619a2bf,Strategic,High,5.39,Delegate
373758cd-7776-4dcf-a7ae-4f3ad0803d49,People,Medium,0.72,Approve
23d70a93-b3d4-4be1-91dd-2bbbfa15b0af,People,High,2.68,Defer
54e470d4-2567-400a-af06-b2e2de0038a5,People,Medium,3.97,Approve
533e9090-ade7-4f1d-bf03-70881474943c,Operational,High,9.38,Delegate
07b6c968-70ac-470b-93c9-115fe64ba4d7,Strategic,High,1.69,Defer
55482bcc-c67c-4960-8a6f-982502686792,Strategic,High,8.95,Defer
25abef96-1ef6-41d7-8c85-09b3b4917aff,Strategic,High,8.38,Delegate
e19b9111-cc0c-4c27-acf4-3539854f10ed,Strategic,Medium,0.37,Escalate
20a93c06-d8f3-475d-9a5e-78db56365e60,Financial,Low,4.66,Delegate
c6231a4f-cd4e-4fd7-8346-eb1644ed1de9,People,High,6.83,Approve
8a8ce8cb-6eb2-4efa-bdad-756783d548ac,Operational,Medium,7.08,Escalate
8751f4bb-b795-49c9-bf58-b320b44950f5,People,Medium,0.98,Approve
90a79033-f63a-466e-8c5e-f90099da2d99,Financial,Low,1.89,Escalate
b2b2f2c5-a1b7-4501-9abd-899a4258a020,Financial,High,3.18,Escalate
fa1bf91c-fff3-488a-aa3d-09e72a4c56b3,Operational,High,3.88,Escalate
bcbe964d-da8f-4f5e-b666-f409fc9fb596,Operational,Low,1.06,Defer
d7c73b66-3d5e-4a94-831d-5051bef42c8b,Operational,Medium,7.97,Defer
21edb77d-45e6-462a-8175-de1b748fd2ed,Strategic,High,8.35,Delegate
3e69ffb3-7d2f-49d9-90f5-280092691b1e,Strategic,High,4.77,Approve
955dc7c4-3c4d-4a73-bf13-091a3adc1c55,Strategic,Low,7.58,Delegate
d434a840-d396-4062-aa5a-7dfce1967272,People,High,1.95,Delegate
7d7fe626-3ac4-44c9-b371-8ff202aad5da,Strategic,Low,8.77,Defer
5f4b6e9c-dec6-4f67-b7f7-bd7cebe63890,People,High,5.79,Approve
c46c1624-f3a5-451e-b4dd-5161a140c815,People,Low,9.12,Escalate
fd2ba61b-9fc3-41d3-8b8a-760faa6dbd49,People,High,4.23,Delegate
081607c6-0a93-404e-af08-9e670548c629,Operational,Medium,5.77,Defer
0e898f47-0341-4299-a146-a6e93c71c9a0,People,High,2.75,Defer
849e3666-d8f0-42ab-a2c6-8e51deda4f5b,Operational,Medium,4.77,Escalate
ddec2a8c-9ae9-424c-89e8-b481bb4eca20,Strategic,Low,6.8,Approve
28b79c6e-5248-4947-9fb6-dc8a3977a2ba,Financial,Low,3.06,Approve
57cb6fee-e24c-40af-9152-13fa04260ef2,People,Low,6.85,Defer
575d09e0-0c86-4cb5-ba73-f9e100a91462,People,Low,0.8,Escalate
65d929a7-b860-47c6-be5b-289d2e1ee1ff,Strategic,High,7.23,Delegate
51f20dd2-2fd5-45f2-b711-007ff5c70d67,Financial,Low,3.97,Approve
744f5ecb-dc69-4515-9194-244472369007,Financial,Low,1.39,Defer
7bb60e88-cd3c-4665-8de7-8efdac7e4f97,Financial,Low,1.54,Delegate
fd955ebb-7142-4a99-a1b5-4a789faf9540,Operational,Low,9.86,Defer
6e4eea73-68a3-4dc2-9737-b21c976ddb4d,People,High,5.92,Approve
76bae7bf-f12c-4d69-9544-cbd9128b765d,Operational,High,4.6,Defer
26a4ba66-108a-4a9d-b547-82e40ce336ec,People,Medium,4.19,Defer
aa27b644-2bb1-4ec2-9961-273a3534b219,Strategic,High,4.39,Defer
ab4c8a11-4e38-4f61-a7f8-ef118f1b0c21,Operational,Low,5.41,Delegate
0354a319-b8b4-4625-9fae-c15b87ebbc1a,Operational,Low,0.82,Escalate
5496abbc-0cf1-4b99-bf2c-bb523be14ea0,People,Medium,4.21,Escalate
613351fb-9f12-47c4-9dcd-cd645b2037a5,Financial,High,5.79,Escalate
a8052ef4-9df1-4e5d-b8ac-34a97910e99f,People,Medium,1.03,Delegate
15576a2a-1396-405a-844a-718416a6312a,Operational,High,7.97,Defer
39c2e6bd-3cd4-4545-9e56-01a0b9a12f51,Financial,High,4.74,Escalate
6ea35502-185e-4127-8848-89df7eeb915f,Financial,Low,0.14,Approve
99e92e44-39c0-4a23-a57e-f44c944f4796,Strategic,Low,8.56,Defer
c3862a55-1485-4b7b-9ebc-03674176c51f,Strategic,Low,5.61,Approve
bf59a829-0edc-4ce7-90ab-2f57d3fa7bf3,Operational,High,4.05,Approve
ba8d7858-f466-4301-8f38-66439e79f04a,Strategic,Low,7.36,Defer
9c1e3d19-146b-4ed4-a6bb-b1c5434b65f8,People,Medium,8.46,Defer
ccbd6031-cda5-4487-874d-734938afc897,People,Low,8.27,Escalate
fd30a79c-8ca2-4e88-bcbb-d3e5eeecad38,Financial,Low,2.51,Delegate
457260e1-e7b7-4ac4-8451-84d46d66d420,People,Low,8.85,Defer
cb02183a-907d-4ada-b0d3-aea3e566a2d9,Strategic,Medium,0.12,Escalate
5f4963cf-9612-4384-a383-fa4d05c9e218,Strategic,Low,0.54,Escalate
af9a1ba2-fcf8-4e75-b859-d8121c1ffd52,Strategic,Medium,2.6,Escalate
06f0419b-88ab-41f9-9e22-15d6ced6f978,People,Low,9.69,Defer
f777d15d-1bdd-4002-939b-7433290888a3,Strategic,Low,5.63,Defer
88f7029b-c94d-424a-970d-97461876b231,People,High,4.76,Defer
7faec9ab-7ee5-4ba4-81c7-3c4f564be619,People,Medium,0.34,Delegate
d0247111-f30b-4b99-b216-fc8f838d466b,Operational,High,6.85,Defer
c735e8ac-518d-408c-bd6d-e5bffc1c0c7e,Financial,High,6.14,Defer
0e47a86a-326b-4187-824a-7b42eed70333,Financial,High,2.16,Escalate
a0831d22-2b83-4fd7-a97b-d88c9f741c50,Financial,Medium,6.84,Escalate
98361189-1f84-4014-9e6d-737dd4e26301,Operational,Medium,1.4,Approve
d2bd3e73-32e3-48e6-a21b-160d55fca9a7,Operational,Low,6.43,Escalate
9892b07f-0027-4fb7-a2ed-07d5e5c520b6,Operational,High,9.4,Delegate
178f042c-9594-4ede-a9ae-621ef92149f5,Financial,Low,4.32,Delegate
0b2c324f-7a03-43d4-a34c-64ef9cd32fa0,Operational,Medium,8.05,Delegate
2cfc38d1-cf84-440a-ae3d-8903fa6d6b72,People,Medium,9.84,Escalate
f705f31b-5d46-470e-896a-83516b9e88c6,Operational,High,3.88,Delegate
56ead974-165f-4127-8240-17c061af291c,Financial,High,2.54,Approve
6055822e-70a8-4cc8-b01b-a2d2b17d7e7d,Operational,High,8.37,Defer
1bbdcc86-82b6-4c23-8313-f7bf03fd97df,People,Low,3.76,Approve
c7c88f36-db36-4695-98ef-4fc664110880,Financial,Medium,4.78,Escalate
5d5c3c5a-86d1-46c5-9189-6e47284e40c4,Strategic,Medium,0.33,Escalate
622ba35d-b49a-4778-bbf6-677c498e1e81,Strategic,High,7.15,Defer
57feca7f-fc9e-4b5d-a8cb-0b1592b02726,Operational,High,4.38,Approve
f48fea6f-55d8-47ea-a15f-4e396de7d865,Strategic,Medium,0.19,Escalate
a7a08b96-636e-4ee5-abeb-3ea0a5fa4de8,Operational,Medium,6.8,Escalate
5a8e94db-1244-4aea-aef5-202853c48f27,Operational,High,4.99,Delegate
665b82e8-cfd8-4bc6-8c96-14cde2a53661,Strategic,High,3.63,Escalate
1aa26584-32e0-4663-a461-9bbce6346d2a,Financial,High,7.4,Approve
1a55510e-b383-4ccf-b7ba-ad36f846f443,People,Medium,4.71,Approve
be40d959-4db0-4524-8826-34d199f79e1b,Strategic,High,3.64,Defer
31e3f5c6-5060-4700-8d70-84166d6ced89,Financial,High,9.86,Defer
49ce7599-0b64-4d61-a2fd-2e1fd4c7085d,Strategic,Low,5.55,Escalate
d5cf658b-5e17-427f-850f-78cb48d8c826,Financial,Medium,0.99,Delegate
0a8aab76-96db-49a0-b3ea-9b8a1e62ec3e,Strategic,Medium,8.18,Escalate
e307457e-95be-4d12-9164-2c852333fd88,Operational,Medium,9.07,Defer
2aca9b82-fbaf-4578-906f-9e2d8206085f,Strategic,Medium,4.36,Defer
be4b5308-52f9-4fcd-b00b-13616cd03741,People,High,5.43,Defer
341a8d2b-e39b-4162-99fe-7aa1d2ea8193,Operational,Low,3.28,Escalate
72e78d0c-869f-4147-b26b-c6ea1863fb1e,Financial,High,2.72,Approve
77b07591-5eeb-49b5-941b-7fd78dc81427,Financial,Medium,5.54,Delegate
086f7d06-d5e8-450f-a8a0-71d62032db9d,Operational,Medium,6.34,Delegate
66911fad-4c06-4d27-a00d-eacb8a89d1a7,Financial,High,8.16,Defer
621323d3-a3c6-40dd-a930-a54ef6b18ff5,Operational,High,2.41,Approve
0b58c9a3-f0d2-4937-b458-ffa3e9933ce4,Strategic,Medium,9.62,Escalate
f14791be-db4d-44c3-bcb4-17219f492056,People,Low,4.08,Escalate
63fcb910-0dd8-4b1f-b7b6-701479bb2c7e,Operational,High,8.91,Delegate
b9f8158c-6ca8-447c-8860-13eb717439fb,Operational,Medium,6.15,Approve
7b56977c-4e2c-4424-ad7f-1d29cc47bb66,Operational,High,2.6,Escalate
c5e84a7a-fbf0-451e-8b92-b111117ed3f7,Financial,Medium,8.06,Defer
59e7476b-5454-4ccc-be71-30e6c57a5bc6,Strategic,High,4.58,Escalate
f5d735d1-c471-4577-8951-aaba8220476c,Operational,Medium,7.93,Approve
6b0d4587-6a9b-499d-96ef-d39ec9a607dc,Operational,High,6.6,Escalate
b1072e30-87d2-4a3a-8022-c73789849885,Strategic,Low,5.94,Escalate
350988a7-415c-45cd-8a57-9ebae3d9173e,Financial,Low,5.5,Approve
593c58f8-851b-49ec-9e3a-b80e2541d30f,Strategic,Medium,2.54,Escalate
422658b7-c3aa-4f03-8b73-fa635f8855cc,Financial,High,7.22,Approve
db03fc8f-2b06-4978-a4b7-43412c5002ac,Operational,High,9.04,Delegate
e40651d1-a4ca-40dc-b475-06ff1f4eb300,Financial,High,6.81,Defer
9efe71c7-cc40-4a86-97a1-b16c64f08b82,People,Low,7.52,Escalate
7272a431-7cc7-4500-bb5c-4b4550f0324f,Strategic,Medium,9.28,Defer
138e87e5-0f00-4a89-9dbe-5e69d5b07f12,Financial,Low,5.28,Approve
439377be-4891-4cbf-8226-400a3b29134d,Strategic,High,8.68,Approve
d88443f0-7a69-468a-b26f-905df64b0d5b,Operational,High,5.08,Escalate
48a86a5c-7a4c-44e6-80bb-a6e80556a6ee,Financial,Low,6.85,Escalate
f6e5c614-1dc8-4f37-ad07-7845b93e06d2,Operational,Medium,8.53,Approve
35c82d81-0737-4c3e-94ce-46ee3a8fb489,Financial,Low,1.64,Approve
2c1f49bb-3e1e-4688-a162-54f8e8048b60,People,High,5.43,Approve
6ad567a8-e8fb-4a30-b0d9-3e62ece980bf,Strategic,High,1.29,Escalate
d35407eb-3c82-4101-b58f-d649619b7e60,Strategic,High,5.15,Defer
c6c5c6a4-3088-4d58-bbbc-d9c2f059aa54,Strategic,Medium,7.72,Approve
6c965734-1add-4586-aaf3-e034acc8cb3b,People,High,1.85,Approve
dd03cc89-9032-4feb-950e-832e623380c5,People,Medium,2.23,Defer
67834ae3-80e0-425e-9506-da16b6a85c52,Financial,Low,5.94,Defer
7f6e3512-c98b-46d5-bc8c-3a7bece5568c,People,High,1.99,Defer
7f06c502-6605-4645-918b-d06df8fdd4d2,Strategic,High,0.21,Defer
44a4ee6b-8b65-4e5d-8a62-2e2193c76807,Strategic,High,2.34,Escalate
53e364d5-bf87-448a-9714-40364fd37db8,People,High,9.54,Delegate
1ddec402-9a84-4066-b327-ef862e80e976,People,Medium,6.74,Approve
793cf4bb-493e-4da0-b79e-e236e54fa491,People,High,0.91,Approve
3f2e6eaf-2aba-470a-b569-ad194372ad79,Operational,Low,2.93,Escalate
4510afc7-a06a-4c17-9a48-9bc59325a27d,Financial,Medium,0.58,Approve
3670e427-12de-4f7f-9234-d3def0cc3b66,People,Medium,8.09,Escalate
535a18a9-fcfe-4d84-9e2d-ea8fcd3a91af,Operational,Medium,6.99,Escalate
a5e22dc4-1e84-4f11-88ca-ac5b7d92200e,People,Medium,4.83,Escalate
525d9083-d5cd-4ff5-9af0-9d34dacfa9f0,Strategic,Low,6.0,Defer
25f4f1af-3986-45a8-96ef-802fd518eca7,People,Low,5.48,Delegate
7e038f8e-c62e-4382-8bb4-abab59446fa6,Operational,High,1.06,Delegate
afeaa1e5-79dd-462f-8b6a-04234f7391e5,Strategic,Medium,2.17,Defer
505449cc-8c3b-4ce7-a33b-2033f09c99ef,Strategic,Medium,6.18,Defer
a2cb786d-20aa-460d-92ac-bfc3734f1008,People,High,9.27,Defer
22f83962-c0c8-4bfd-9950-de2d47cebcfc,Operational,Low,5.44,Approve
06078cdd-b987-44b6-b007-4faee7522373,Strategic,Medium,1.73,Approve
c110eeb5-18cc-486d-954d-fd99f461c2fc,Operational,Low,1.17,Delegate
33ea01c5-6f92-4553-96ff-f030ae5d36b7,Operational,High,4.42,Delegate
597474f0-51e4-4174-af3d-aadf687b6a12,Strategic,High,6.88,Defer
52fa9237-eb64-4f68-b96c-d1c13ed2a157,Financial,High,7.75,Escalate
6660b6fd-81c8-4197-9f43-d85dae796a08,Strategic,Low,3.1,Escalate
4e76fa44-e46c-4c86-9310-f571fec36366,Operational,Low,1.2,Defer
3ea2d323-5224-4f7a-8c66-0efc5f47feb6,Operational,Medium,0.12,Escalate
929102f4-c0cf-459b-b534-e0419a419dc3,Strategic,Medium,4.98,Escalate
6f4076ff-94a5-4cfa-9527-36316bd4d2ad,Operational,Low,1.33,Approve
ed00af9d-cc98-4e82-bd86-85a886ee1768,Financial,Medium,4.51,Approve
c248ea19-b9b8-4007-a789-203441c9481d,Strategic,Low,4.36,Delegate
e21d45af-963f-454a-9d94-decf145ca52d,Financial,Medium,2.12,Defer
2b417487-6c64-4bcb-bc9e-0b5325061135,Strategic,Medium,9.22,Escalate
d5e53841-debd-4fb9-ab19-51d407268c1a,People,High,5.79,Approve
fe530d55-7182-4c18-98cf-d5e187013a99,Strategic,Low,9.82,Approve
a0f1faba-9334-4414-9de5-8439da03cf21,Financial,Medium,5.17,Delegate
ad82cdb3-85c4-4d42-ad68-eb7736836d37,Financial,Low,0.71,Delegate
8ea879b9-b1b8-4092-8d5d-9569be757520,Financial,Medium,3.71,Delegate
727de0d0-f0f2-4ead-98ab-594f833e1e3a,Operational,Low,3.42,Escalate
49d64c0a-7b62-426b-aa80-017867245ffd,Financial,High,6.94,Defer
fcf0afd6-0404-4847-b7c5-ceefbc51122a,Strategic,High,1.7,Escalate
ceca1106-b207-4445-b4c6-29e03acb245c,Financial,High,2.34,Escalate
7a68a7af-c893-44f7-a9f5-c4fabebceaee,Strategic,Medium,9.13,Defer
82ee3739-4aea-4496-8bac-21fdd253e607,Operational,Low,2.95,Delegate
f3b47658-9b1f-4eaa-bb4e-b31bc1b71659,Financial,Low,4.95,Defer
82c00b8f-12a7-4849-a73a-930415d4ea0f,Operational,Low,2.22,Delegate
99202ff5-2615-4b6a-9eed-481cb46028c5,Strategic,High,2.55,Escalate
91d7c2ac-53f2-4c0a-a742-fd627683a42f,People,High,0.76,Defer
875cb623-50cb-421b-8f6e-3ddc3a8a0bcf,Strategic,High,5.45,Defer
974f8084-67ce-4ab6-98e9-35ae237b58ec,Strategic,High,7.74,Delegate
e33947f1-4823-40da-af39-ba81d74b6d9d,Financial,Low,9.3,Defer
51378afe-4cc7-4bf6-aaae-42c02cc8c187,Financial,High,9.67,Delegate
5577c8ab-bb95-4d51-b651-e758262260ac,People,Medium,1.28,Delegate
6e214279-91c5-4474-b98b-07b86ca84af4,Financial,Low,0.69,Escalate
29a26415-27f9-4043-a6b3-737c8884e17f,Financial,Low,9.54,Delegate
eb6738b4-89e4-4666-a8c4-201e0babba35,Operational,Medium,4.91,Defer
0c86ceac-9c6d-4a40-b0fe-851249920af7,Operational,Medium,4.46,Approve
75543822-e9d4-4017-9028-424a9bfb02ec,Financial,High,4.83,Escalate
10348825-89fb-48a9-be85-b09c65fd0373,Strategic,Medium,8.99,Approve
db586864-b98d-414c-8b70-7ddf24ce0025,People,Medium,9.38,Delegate
5ecca86a-0e71-48e5-9fa3-b9791e954997,Financial,Low,3.22,Delegate
05e6ec2d-35db-4d7d-ba19-7b8080541ce5,Strategic,Medium,0.91,Escalate
6dff2202-5d71-44d9-bd82-7f9b63385c29,Operational,High,2.8,Escalate
a1b67a22-59cf-45cf-86f8-5e4092a96976,Strategic,Low,2.24,Delegate
530f4d94-5a3d-4fcc-989f-bc55294d088a,Operational,Low,3.35,Defer
7c3d0320-b11f-48ab-a4eb-6ea0782fb624,People,High,8.78,Escalate
dfcaf6aa-e486-407b-812e-c97da20e602e,Strategic,Low,0.11,Escalate
11e95a75-32e9-4023-8321-433e82e17fad,Operational,Low,3.91,Defer
2ed12848-68b0-40d5-89e7-3fdb6b58f2b3,Strategic,High,3.24,Defer
48cce4ff-bdac-472d-86d4-5b3388e68433,Financial,High,5.83,Escalate
89ff4109-2cd3-4cdc-befb-cdeeb4cbbd67,Operational,Medium,5.81,Escalate
882099a4-2ff0-44c4-8318-1d501b74b250,People,Medium,4.54,Approve
c6624a62-e390-47dd-bbb1-5f8cd1d43cd6,Operational,Medium,4.86,Delegate
9c464e81-a5ef-4b77-9f1f-caffa31c0c9c,Financial,Low,0.39,Escalate
b2126ee3-3c70-465c-bc06-5fcffe6243f0,Strategic,Medium,8.65,Approve
52bb9d86-9184-45e7-bf5b-e2fdd0a9037e,People,Low,2.66,Escalate
4550705a-4879-4434-92d7-8dca5ac5ade0,Financial,Medium,1.05,Defer
deb70dd1-d022-4d44-b971-330ed7e8b6b6,Strategic,Low,3.21,Escalate
4c3e7814-c0b5-40d4-afd3-8c6dcb5003ae,Operational,High,6.83,Defer
f6730db7-c977-4cff-b9f0-5c4ffeff1362,People,High,1.47,Delegate
4ff39cdf-7574-43bc-82bf-2bcef374d0ab,People,Low,4.43,Approve
d47d9140-c5f3-4ece-b604-40f91b7b53b3,Strategic,Medium,7.11,Delegate
c244a58a-7f09-4fe6-b661-0e279d23df3f,Financial,Low,2.71,Approve
82e95383-9a0b-4547-9b8d-2610d03ed9fc,Operational,Medium,0.33,Delegate
d52c8935-41dd-4f05-97f3-f83171b6f62a,People,Low,3.17,Escalate
ca625d7b-6e71-4f60-ae3c-ff7535fb0aa9,Financial,Low,4.85,Defer
2fccd5c3-f0a6-4bfd-b4cc-7be4d8f609de,People,High,5.93,Defer
bc3ee379-cdc2-4028-911a-ee633d0efe97,Strategic,High,2.95,Defer
d4776b64-4072-4614-a568-f6d1e8b07819,Strategic,Medium,9.41,Defer
a7ab148c-f147-448a-8c82-49d6956561a8,Strategic,Medium,9.33,Approve
c00e43d0-4a5d-4b5f-a41a-42a77d334565,Financial,Medium,3.25,Escalate
ba9a8b81-dcbe-4cd3-aebf-4d5098d36947,People,High,4.06,Escalate
5b767116-de70-4f1b-8e87-f16a719c6ace,People,Medium,9.44,Escalate
ed0adeda-a0bf-4177-ad3b-b1c73d3f5c91,Financial,High,2.87,Delegate
5bbff539-bac9-44cf-9fab-e1f0d025d0fb,People,Low,3.25,Approve
7489ad88-8d5f-45bc-9f0e-070dde96aef7,Strategic,Low,6.02,Approve
0f184afb-fcf8-4066-b051-a4f368d81894,Strategic,Medium,6.56,Defer
875a2cc5-5ac0-4a51-b80d-91a64b7cd2df,Financial,High,6.57,Approve
765c6ccf-3ac5-4c72-b995-45940b56330b,People,Low,4.6,Delegate
79cefcd2-4ea4-4971-b8cd-bd0f5ab8d86c,Strategic,High,2.33,Defer
60ce4adf-4dcf-465f-9441-6564c41788f2,People,Medium,2.96,Approve
99959fc6-6a7f-44be-838c-2d36d0dc6395,People,Medium,1.88,Escalate
cec60ae7-123c-42c4-8e2f-c8ac49c0d28e,Financial,Low,2.35,Approve
7e5b96b2-8140-42c6-9532-438fa525bf50,Financial,Medium,6.14,Approve
46b72a31-baf5-49eb-a08e-7f2db6854541,Operational,High,3.63,Approve
65c4fd4f-bb11-4452-a4ee-9af4882f408c,Strategic,High,5.04,Approve
3d9a26ee-f6ad-4275-9745-48299255d652,People,Medium,6.61,Approve
e2d0e5ca-61cf-4dea-a3fa-7e62cdd0cdc5,People,Low,5.92,Approve
dd08b344-478a-43ee-8b12-d9d5f408168d,Operational,Low,0.34,Escalate
00c0e68a-329c-4c6d-8166-1d5969043807,People,Low,2.88,Delegate
3eefef76-a1eb-41b4-bf3f-4fd275ef921c,Operational,Low,0.84,Escalate
fd7ef629-db6a-4031-a0d7-8025789ab4a4,Financial,Medium,9.62,Escalate
158ad842-2ca6-4300-a963-b2d9f61aae8c,Financial,Low,0.87,Escalate
3e01647b-fe29-4c6a-a5ad-af14b0ce473b,Financial,Medium,8.31,Escalate
ba15f33f-a9f5-4b1c-8a7f-903891679475,Financial,High,3.11,Escalate
439470fb-0433-4651-8fd0-47b6c0c31c5d,People,Medium,0.23,Defer
54f09214-2d1b-4188-88f5-2626025d8b50,Operational,High,7.54,Escalate
e374af8f-ea16-44b6-9adb-864466657df9,Operational,High,2.55,Defer
b1c44979-a105-4343-aea3-3add61038161,People,High,3.3,Approve
0f49b03d-f2a9-4406-aef7-bc78695aaa36,Financial,Low,0.47,Approve
fb880eef-9ee2-4a73-af62-ac54532fa444,Financial,High,7.05,Defer
9bed31d7-f62c-48c3-8a53-96155f107b10,Operational,Low,3.85,Defer
d2ff12f8-1c5c-4beb-995f-9f82506892b8,Strategic,High,5.76,Escalate
326c7e06-f01d-4421-b3af-d63f7202b9d7,Operational,Low,5.23,Escalate
e8a29fc6-44ce-40bb-8200-3163b11e2fce,Financial,High,0.95,Escalate
881dbc28-e616-4c74-becf-1e90297e13d0,Operational,Low,4.94,Approve
2a2decd7-981a-48a1-a5fc-d42fefb98b20,Operational,Low,4.52,Delegate
b6e17bf7-59eb-48bf-be72-3235e0556316,Financial,Medium,1.85,Delegate
638d8d48-5340-404b-afc5-dc88acd6deec,People,Medium,7.96,Defer
b4df723f-694a-4dd6-8bf9-14fa7943f8c5,Strategic,Low,8.13,Defer
3e295f50-5f5b-4a76-8e63-5ef6cbdc7ebf,Operational,Low,4.71,Escalate
ea9e0e27-a83b-44fd-b337-df9aefe310c4,Financial,Low,1.19,Approve
5a4969c6-1955-42fd-b3b9-dd502a17db14,Strategic,Medium,5.65,Escalate
ce462f66-72e8-44f4-8b75-8c5bd9a1542a,Financial,Medium,7.59,Escalate
142663e9-5870-447b-b772-a665091507a9,Operational,Low,1.83,Approve
6e265326-3b34-4e3d-a2bb-e843e3055d0a,Operational,Medium,3.59,Delegate
1a3dd854-9df3-4f66-9eda-503ab69b9483,People,Medium,9.41,Delegate
7b234603-6976-4ecc-bda6-a7c568f833c1,Strategic,High,6.34,Defer
e7b6e90d-040b-4a8f-8f9c-80808c834198,Financial,High,1.77,Delegate
1cb7574b-8817-4bc8-8cd9-29ef0b0fd8e3,Strategic,High,8.29,Delegate
034a7175-3383-4b3e-b304-629806d27038,Strategic,High,4.49,Approve
80d6433d-2189-4474-8bf4-edb1332ce13e,Operational,High,6.92,Approve
24d2192e-b316-4153-8ba1-fa16276adb2b,Strategic,Medium,8.74,Escalate
75160167-de76-4cbb-b4f4-a6f8d806269f,People,Medium,0.63,Escalate
fed867c9-5210-48f1-a878-45a21589670d,Financial,Medium,3.6,Defer
15771cc1-0662-48cc-9cd3-77f8478bc6e8,Financial,High,8.14,Delegate
edc3ab0d-6ad5-497b-8b6d-b2088df14b20,Financial,Medium,6.87,Escalate
277c82eb-8b9a-45c7-97fb-5105cc016f0b,People,Low,3.85,Approve
d9ae401e-fcf3-4e8d-b1f6-2faae5adaf16,Financial,Low,4.22,Defer
929282c3-f969-4061-97b2-721ba0c2731c,People,High,2.19,Delegate
0f5a7ba6-4337-4c42-8a5b-5689deb75e3d,Operational,Low,1.66,Escalate
308a27f3-794d-4302-b9fa-88cd4155a72c,Strategic,High,4.09,Escalate
720b10c8-9df9-4682-94ac-1c906aa4623b,People,Low,0.49,Approve
523884ca-c557-46a2-97e8-c69fe5397636,Strategic,Medium,7.08,Approve
34f5c087-a79f-46bc-b2aa-95934769be72,Strategic,Medium,2.56,Approve
5a5749e2-40d8-4983-b388-b75ba334f403,People,High,3.26,Escalate
8a5260f9-8250-4e3d-b232-dbae2ca19a7f,Operational,Low,2.78,Approve
7db1a4f8-1cd3-40fc-b5c7-7fc6600306d8,Operational,High,8.97,Approve
a253a6d8-1253-45df-b37e-dc1c683f2954,Operational,Low,1.38,Approve
825710aa-a471-4a22-bd12-fb04c7b0e0d7,People,Medium,9.87,Defer
5d1fee05-de2b-4ff8-bd71-20bf5dcc3789,Operational,Low,6.35,Escalate
2ccd029c-23f5-4f9b-a2d6-4d401d6b3d7a,Financial,Medium,6.93,Defer
de67d2cc-db5d-4a93-94f2-64d4cb206fe6,Operational,Medium,7.37,Escalate
afc0ee52-939c-44dd-825b-109a5781b8f9,Strategic,High,8.96,Escalate
f1736139-e18d-4fd5-b453-b3cba73e8171,People,Low,1.74,Delegate
db115db2-7a6e-4280-91c8-4ed36bfb23cf,Operational,Low,0.77,Approve
d17b2945-892d-4a47-bcb8-073024dc6efc,Strategic,Medium,8.56,Defer
5398d44c-a9ab-45f9-a0a7-91bff77fdfff,Financial,High,3.21,Delegate
0d1371b7-bfea-44cf-9b70-79bdf9227ed5,Strategic,High,6.14,Delegate
6e1b11b5-a9a9-4aea-a368-c01e8b891da9,Strategic,Low,2.0,Defer
a76274a8-82e1-42c4-a531-8ea19c8b4937,People,Low,0.74,Defer
f402e6c0-c788-49de-9c0d-e64e76f1556e,Operational,Low,0.36,Escalate
f61424ef-d288-4e10-9a03-d320327d04aa,Strategic,Low,9.42,Delegate
84e6a757-24ff-46f1-a085-ec3cfa1ef261,Financial,Medium,4.09,Delegate
9749b860-9135-4ef1-a231-8a98a6c22c77,Strategic,High,8.38,Approve
9cfec4e4-23ff-4b10-9b96-c0057659dcf4,Operational,Low,5.69,Defer
760b6b9d-5a48-430c-ad80-d963298c8c0a,People,Medium,6.92,Approve
9c232793-2e35-4596-8873-8805885bf3d4,Strategic,Low,3.73,Defer
8cc3ea23-d3f1-4e8f-accf-b5bd70e92c33,Financial,Medium,1.1,Defer
11536448-8695-41af-b25d-ebba2a38555f,Financial,Medium,2.17,Approve
290f4768-0cf8-4a18-b657-4948029d64f5,People,High,8.82,Approve
5aa9571f-f80f-4b41-aa6a-a1d5a5950d1c,Strategic,Low,5.29,Delegate
ad70e7b2-ab09-4f21-99ed-dffaf45f6b86,Strategic,Low,9.4,Escalate
1e892c8d-2169-492e-9ced-9348d2c2032f,Operational,Medium,4.01,Defer
d6d21a8d-d19d-4836-8b58-b9739a65ce8c,Strategic,Medium,7.62,Defer
2973ac77-4800-4885-8637-52c416135290,People,High,0.16,Approve
2109cdde-41a1-42e5-a994-92950b42fdbf,Strategic,Medium,7.21,Delegate
0978ed11-8eaa-40ad-83e5-6c7b43e351c3,People,Medium,4.55,Escalate
6dd50d84-c0e6-4b1b-997d-5c452af5e6d0,People,Low,2.67,Escalate
763f8621-c5bd-44a7-90e3-e452cdfce681,Strategic,Medium,2.23,Defer
b31148f1-4d50-43ca-93b5-409f9ade2d58,Operational,Medium,6.49,Approve
36b1ddec-d61f-4ba4-83e6-36b2f237c3dd,Financial,Low,7.3,Delegate
fe96269e-7a3b-4188-872f-deabb12e95f0,Operational,Low,5.97,Escalate
8757df59-ca27-459b-8928-392e7e867bfb,Operational,High,8.15,Escalate
2e0c4721-39e9-4c1f-bb04-a2110a785cc0,Strategic,Low,4.12,Escalate
6f6012e7-b20d-4bd5-ba54-6781a0eacab1,Financial,Low,7.37,Escalate
65d31146-6f9f-4b74-9ee1-861fe1d17beb,Operational,Medium,8.8,Delegate
edcd112f-aa92-4759-a223-0a341c549a2d,People,Low,0.15,Defer
e408d333-7a42-490b-8114-53fac755181a,Operational,High,8.72,Delegate
715892d2-c455-4a4e-bd55-1d9c6332a439,Financial,High,9.45,Approve
ba1d67d5-f264-4de8-9842-7840f65e4dff,People,High,2.5,Delegate
cc0166ed-3978-4b37-8bd1-18f1273f3b96,Operational,High,3.81,Escalate
f2ec1ca9-1357-419e-8509-28a1cddeb5a8,Strategic,Medium,3.07,Delegate
464ae326-0923-4050-b664-fae5c208d688,Financial,High,2.77,Escalate
4a5bf53b-cdcf-4ebd-b66f-01ee7a0091f1,Financial,High,1.02,Approve
fd332cce-a7fc-48e1-a495-587679bfe972,Operational,Medium,6.12,Defer
1bcc0779-1f41-43e8-a70b-df5953c02f29,Financial,High,6.92,Delegate
13481b70-cb98-4c46-b9af-074768c65adb,Financial,Low,7.24,Approve
0d0af3f6-5e69-4a79-bd15-9387aa46b50d,Operational,Low,1.09,Approve
1b0e7d94-50b2-4d97-9c12-b7ba1e9fd671,Strategic,Low,2.22,Delegate
6ee4a8f7-966e-4fa1-a6b4-5fc4891f584a,Financial,Medium,2.64,Approve
e88c3b2d-9bdf-433b-af08-7b56e50461e6,Strategic,High,6.62,Defer
0707d356-0310-4d7c-890f-7cd220d37b12,Operational,High,9.42,Delegate
83feb221-c1ad-4d7d-acf0-c8248a3ede8d,People,High,2.32,Approve
4a9f60f7-0c1e-43ce-93e9-9b990db2e305,Financial,Low,6.17,Defer
2633a667-240e-41df-abc6-f5ed2f1b710d,Strategic,Low,5.16,Approve
654fce98-8a37-491e-a3c8-cf7977dafff7,Strategic,Medium,0.32,Approve
e48e38b0-bd53-45bc-8b06-8a765c2cf3eb,Operational,Low,6.08,Defer
2e5b8556-913a-4956-83cb-525f99eb4f32,People,Low,9.84,Escalate
b594c019-6aea-4241-9f2f-3f51f376e203,Financial,Low,1.31,Defer
d2da61df-3888-42eb-8cc8-8769f46d19e7,Operational,Low,0.65,Defer
05d0c01a-cc36-49bf-910c-45cafdca6ee0,Financial,Low,0.24,Approve
7e3467c5-27df-4364-9954-6f2a3b3f903c,Financial,Medium,2.16,Escalate
396f7440-2353-4e41-9c7f-ad1fafda2ada,People,High,6.52,Escalate
5b2ed09a-61cd-4427-bb6a-5d3cbe318502,Strategic,Low,3.21,Delegate
cb59f0f7-7d74-47c8-9fc0-642f5ee69952,People,Medium,1.47,Defer
e5afd931-b7a6-4ea8-8c60-b86ce03ed8aa,Financial,High,1.9,Delegate
1c71435f-1b61-4f7e-a537-90ad9bcada54,Financial,Low,8.39,Approve
9930dddd-5f4a-4826-8e66-40793dc52e8c,Operational,High,0.17,Delegate
41b5fabf-bc0e-43e8-ba51-296998a5ac5c,Financial,Low,0.44,Defer
ec9bf04b-fdb9-44ba-95fd-c61124f0098f,Operational,High,1.86,Delegate
5592a8a7-6029-4c65-9019-72b005e9d072,Operational,Medium,8.58,Approve
c7ce7275-e998-4df3-bc24-123a1995bcb3,Financial,High,4.84,Delegate
a02068be-2048-4b7a-b85d-8b66227628b7,Financial,Medium,2.25,Delegate
0e39b0a9-03f2-412a-8473-7b3b4e89cb7e,Financial,High,1.32,Approve
d7fd0195-aa22-434e-8f0f-c328d873a54b,Strategic,High,8.84,Escalate
60a1af8c-3fcf-45f7-a835-dd37f9981cbb,Operational,Low,9.77,Defer
bcebcab8-134c-4e17-b168-9b6c6ed4d09d,Strategic,High,6.03,Approve
4001b9e1-0bff-4d07-97b2-49bc66a89bb3,People,High,0.34,Approve
befa5cc2-0108-4970-8cbd-d66e4f4776e9,Strategic,High,9.12,Approve
d6eadecd-8fe7-4e20-b7c9-87bfe98f31b6,Operational,Low,2.3,Defer
5e820785-4011-400c-b388-5fcd229500b4,People,High,7.41,Approve
ccd714f9-3aa3-4b9b-b359-3df0b9b396c7,Operational,Low,6.69,Approve
5d298f62-5b7e-4db1-be43-9df8d6bac90c,Financial,Low,3.37,Approve
07ec86e7-9252-4dee-8184-b52b2d0368c7,Operational,High,1.45,Delegate
63ef4851-e354-4c5e-b5ab-eee5b0db56d7,Strategic,Low,6.82,Delegate
41ee15a4-b5c4-4bf6-b716-f1a095cb5dc1,People,Low,2.17,Defer
00c9cc76-783a-4421-9298-64c6c61ffb4a,People,Medium,0.72,Defer
7bc3ae6d-516d-4277-bc4c-84b38275cf73,Financial,High,5.06,Escalate
294775bb-5f08-4d7c-a96d-10b851a7cb44,Operational,High,9.88,Escalate
b74abeec-b1da-43d8-affb-d1db3d01fba9,Operational,Low,5.96,Approve
d0f6ff67-f587-445f-9f21-135154ed5d45,People,High,6.19,Escalate
bdc0d9a6-5eeb-475b-b05f-18ed4f3f9f68,Strategic,Low,4.67,Delegate
f902ce17-2d37-447f-97c5-13524673f3e0,Operational,Medium,3.77,Defer
e543477e-8a68-4123-9017-0d10024806df,Financial,High,6.52,Defer
8d69cbdd-fbe0-4890-9a36-b07a71c8161a,People,Medium,7.95,Escalate
2d58386f-5b96-4817-ae8c-062701ff7ac5,Strategic,Low,6.65,Defer
da925902-740a-4508-b34e-9fbb753cfdfc,Strategic,Medium,0.48,Escalate
a5e795a3-1bad-4a2d-9a91-5d613825a85f,Operational,Medium,2.38,Defer
5b687ca0-3c6a-429a-9fa2-ce6843681a98,People,Medium,1.44,Approve
31e6338b-9cae-4d51-8593-901e9af2abc7,Strategic,High,8.6,Delegate
dd5bfda1-ce5b-4eed-9708-58c73e4efe88,Strategic,High,4.13,Escalate
ee3e734e-5944-4117-bfc5-0480ce867547,People,Low,1.0,Defer
1236c529-c0db-4283-a1a5-3f94a553c181,Financial,Medium,0.63,Approve
5f8d88dc-3ba5-42c8-b9ec-18dd63800004,Strategic,Medium,4.77,Delegate
660ca36f-942e-4a62-a3e0-c0b7cb2cc089,Financial,High,0.16,Defer
6a80156c-6877-4525-801b-59930b97fa5c,Operational,Low,9.08,Approve
fbe16f5a-7eac-45de-8ea4-7f6f6879bc7f,People,Low,2.88,Approve
9726236b-6f64-490e-841e-409f1e339318,Financial,Low,3.45,Defer
24bbf173-46e6-4f5a-a0b3-b12d853b7c69,People,High,5.29,Approve
05df9b21-bdba-4fed-b657-c873d491c3e6,Strategic,Medium,0.91,Defer
407efef7-7108-4b9d-8f3d-70a184ce41b8,Operational,High,5.75,Delegate
bd67b221-05fc-4049-bc48-93299be07729,Financial,Medium,3.72,Delegate
c91f7277-d306-496a-bdc2-573aa479326c,People,Low,8.04,Delegate
c579cd6f-aae3-4ce6-a73c-b36f665da993,People,High,5.5,Defer
022807d3-f429-46b4-a465-c95785ae3c2d,People,Low,3.79,Escalate
1cc220a6-7bd6-4f86-8f79-4500a107021d,People,High,9.23,Defer
11ae3e28-97ba-4758-b1a6-22041bf685ef,Financial,Medium,9.88,Escalate
9a5c4a46-3f76-4c50-a7a0-3d6d912cd468,Operational,Medium,1.55,Defer
05f541d5-c7a0-40e7-b535-af048e0c8296,Strategic,Low,5.17,Delegate
cb6dd552-0470-4539-b194-32346517d374,Financial,High,1.05,Escalate
c6f483f8-1853-4692-bd72-65b075d5b6c2,Financial,High,3.58,Defer
0cc1fb9d-0a7a-4691-9c05-fc4e01007137,Operational,High,3.85,Escalate
43aa17a9-7196-46d8-98d8-f3553ff3d21c,People,High,2.29,Approve
21660ae7-1fff-41a9-853a-832c98f91822,People,High,3.98,Approve
b65991c7-e2cd-4ca6-8176-4d6ba10404ea,Operational,Low,0.65,Defer
ab86f2cc-2b52-49a2-9ab6-f9df77bbc524,Strategic,Medium,2.42,Escalate
717661dd-befb-4bda-98c5-3315611c9a0b,Financial,High,3.48,Escalate
21151332-9fa1-4081-b08b-3a19781f10a7,Operational,High,9.73,Approve
e65a3703-ae0a-4bbf-9cb7-4d1f255a2fef,Operational,Medium,5.73,Escalate
1b7b3c27-530c-4a4c-8639-0a15cf6a8f37,People,Medium,0.47,Defer
2c852da4-0446-4ae8-addb-9391b2b7b7bc,Strategic,High,3.89,Defer
6f837002-6f22-4146-a40d-c8481bcb94df,Financial,Medium,3.12,Defer
1fa684d4-ed5d-451f-b447-fc54657da333,Financial,High,7.73,Escalate
8f029180-782f-4eb0-8b65-a1d2434842de,Financial,Low,7.43,Defer
b38f101d-1783-4db2-90d8-7b21d1f0d900,Operational,Medium,2.3,Escalate
ec99ce00-bf31-48ea-9583-5f742831c421,Strategic,Low,3.6,Approve
93238ca8-c08e-4f99-aed3-b8af39009aab,People,Low,0.41,Approve
3bd24ed9-27b0-400d-af45-689212179e55,Financial,High,4.44,Delegate
f7a09cf4-0c09-4716-a773-f0fc812015cc,Operational,High,5.04,Defer
ff36f74f-d49d-49b9-ab59-0ac2a2cf354c,People,Medium,8.09,Delegate
743cc6c0-9277-4f06-a4c4-b9e1184c2a3f,Financial,High,0.95,Approve
2581ff16-4abb-477a-a857-f6f94dc6f91e,Financial,Low,5.05,Escalate
066be860-607f-455a-aa2e-329597808a71,People,Low,8.25,Defer
f28fb7db-0704-4eb6-9e70-9c62bd11c646,Strategic,Medium,1.96,Escalate
105a0bf3-8ae4-4d9e-8b38-42769d68fac1,Strategic,High,4.84,Delegate
ef9f68f2-2b74-450f-9fc7-f7814d859e4d,People,High,5.32,Escalate
e9d16ac3-e036-4fd2-97cd-cdfccb556220,People,Medium,4.76,Escalate
7d22bd1a-dda6-4fdf-9a4e-9a531286a56c,People,Medium,8.54,Delegate
b74aa533-98f5-49c9-bd02-3cd35f821be8,People,Medium,6.04,Delegate
d8916f8e-a8a9-4569-9326-789626263ff6,Financial,High,9.39,Delegate
717a7e14-1c30-4e10-8d23-c96ba142dd90,Operational,Low,9.79,Approve
6d40da86-07c1-4101-a6d2-08c877dfb811,Operational,Medium,2.86,Approve
5960cecf-ae97-4056-aa57-4f837b054a97,Financial,High,2.8,Escalate
160672c3-9710-4c44-82fb-e0d167be0f6f,Financial,Medium,2.18,Defer
6ffa3d41-7a11-4781-9277-610df4a034cd,People,Medium,9.02,Defer
0fc51b9a-3b8a-4df0-a426-c17948703cad,People,High,7.18,Approve
55125601-c2e3-425d-848a-342297da0e7f,Operational,Medium,3.68,Defer
8f78d7f4-91c5-496c-b1de-862e44d93cc7,Strategic,Medium,1.72,Defer
29139b4e-cf9e-4177-86de-7a6c59f64143,Financial,Low,1.08,Delegate
95741828-799b-4d79-abef-2b5c1543d002,Operational,Medium,4.52,Delegate
d5ad7145-b9cd-4c3e-a3fb-fb5b2c3230ba,Operational,Low,5.52,Escalate
870ff523-c2f0-4554-a924-c56f036c1c52,Financial,Low,6.79,Defer
135587ba-789b-4c76-a3e3-1180e09ff8f9,People,High,3.66,Approve
7bad651a-7f9c-4bfc-ba69-417c7681cbdf,Financial,High,0.52,Delegate
12f1cbd1-a7fd-4684-830f-971dd23efd3c,People,High,6.64,Defer
8a1891e4-9c94-4dc0-ac2c-cc9f092221ff,Strategic,Low,2.79,Approve
717800c6-d45c-42a1-bef6-f369dee79ef0,Operational,High,4.11,Defer
ea2c34a9-2ca9-44be-8932-444a542b31fd,Strategic,Medium,3.58,Defer
65668441-df62-455e-9ed7-35ada2b8be92,Financial,Low,7.8,Escalate
0f96de99-197a-417e-9493-d8d12eff97ff,Financial,High,1.48,Delegate
a7c79a8a-c54d-4d06-a162-83785be03261,Operational,Low,1.44,Escalate
59e2a445-d87f-4ac0-ba78-ba6f705278d2,Financial,Low,7.87,Escalate
3a9a35f0-c53f-4254-abb2-f85285616b83,People,Medium,9.15,Approve
11915aa6-0eb6-4cee-83b3-66ea3a850342,Operational,High,2.77,Escalate
da163139-27ff-4569-b654-869dbca7997a,Financial,Low,8.66,Approve
0d56b251-24b0-47d1-b0b7-8031863ce1a1,People,High,5.12,Delegate
e2d9e940-c404-4b12-979f-03e3e4cdd64c,Strategic,High,3.38,Defer
bb13d4f5-7098-44dd-b9bf-e4d88d96c509,People,Medium,6.02,Delegate
c679e87d-2fde-4f0d-864c-1d6f870f2c75,People,High,3.11,Escalate
a76df94d-6aca-4364-8776-81087e7fee6e,People,High,1.1,Delegate
7ed9e023-6a27-43e2-8073-7701063eaf40,Strategic,Low,2.31,Approve
738e0874-3d47-4187-9934-8a5ec3a22da6,Financial,Medium,3.83,Approve
09d29a07-77ce-46f0-ae51-25e817b19116,Strategic,High,4.67,Delegate
22a41176-362f-427a-b45a-54633d259be0,People,High,7.14,Approve
85d65bfb-a9d1-4554-b3f0-1438eb9d0920,People,Medium,9.98,Delegate
f858fc1a-dd48-43d4-9fcf-42018439f585,Operational,Low,2.64,Delegate
a979741b-de1b-455f-b4f9-4c607f1a17b8,People,Low,9.04,Escalate
b25c9817-3418-4bde-ac07-63b26a61e086,People,High,6.21,Escalate
ea16ba46-c934-42a0-bbc5-9b7657054d71,People,Low,9.25,Approve
327afa5e-0cc2-4edc-b9a0-5852ffd39cd9,Strategic,Low,3.15,Delegate
e8f2e606-7272-42ca-8a6c-9c0b9250de15,Operational,Low,6.53,Defer
d535f9fc-14a0-414f-b9a0-82b34f760090,Operational,Low,0.85,Escalate
3fc95e3e-4b70-47d4-b858-77c7c1b03b6f,Strategic,High,8.98,Escalate
ce9e3f04-be09-4eba-a4f4-a4c38c24f40d,Strategic,Low,2.36,Approve
0608c17b-befa-4c98-9a43-e355c5581e78,People,Low,3.75,Approve
0d5b668c-a867-4e65-941f-ddebeaccd8bb,Operational,Medium,3.49,Approve
08f1adf6-f407-4635-af09-55a86d354a52,Operational,High,0.33,Delegate
33b29506-6a91-40ab-a724-10378bb59345,Operational,High,1.05,Escalate
c7b6a584-9e21-45a4-8586-51b9ebcf15e8,Operational,Low,7.98,Defer
81fc82fa-e440-4f35-9ddc-601c1d19716b,Financial,Low,7.4,Escalate
50ae801c-8071-476c-8818-c537e9e9a0a4,Financial,High,4.06,Approve
a706bc18-bbc4-4151-b0c7-7043f5698a6f,Operational,Low,5.11,Defer
0176af2f-7bd6-4ff8-879a-41645c0cdfac,Financial,High,8.04,Approve
489bfbc9-5d4e-47f7-ba78-d7701f15112b,People,High,0.71,Approve
028690ef-8662-4ba1-b38e-2901d3051097,Financial,Low,9.62,Escalate
6a48dc37-08ce-47bc-822c-cee284c7d49f,Financial,Low,1.19,Defer
2365d843-0a9e-4a0a-95ef-41de78108a58,People,High,8.84,Escalate
50a51a07-f32c-420a-a5ae-4aabdf8d8b81,Financial,High,7.86,Defer
50ebdd51-e262-45a1-b1cf-dac02501d8f9,Financial,High,6.84,Delegate
8a564cf9-6fb3-4e53-ba30-955b844e0e3d,People,Medium,1.06,Escalate
85e579dc-094a-4f6c-8eb0-83427ea7d548,Operational,Medium,1.87,Delegate
1df9b6f6-db1a-4e15-bd7b-2a1b865ca24b,Strategic,Low,9.73,Escalate
79b5d140-c86e-4e79-8736-02e2cffd475d,Operational,High,9.03,Approve
da3294db-373a-4ca2-9e67-6ab9a8414a4f,Financial,High,2.79,Approve
65fde13f-1e1a-4d5b-a656-6c3529b728f9,Strategic,Medium,8.43,Delegate
9d4abe49-affe-4801-b56f-a4a61dc63a47,Operational,Medium,5.56,Defer
13fc39b9-8272-4197-9546-a7974d594275,People,High,2.62,Escalate
5f9797b3-873a-4c8d-aae4-597d56897231,Strategic,High,0.43,Escalate
a7dc1dee-eae9-42de-bb73-e87717b937c8,Operational,High,6.65,Delegate
9238ad44-19f1-4732-9c7a-166422b769a6,People,High,0.42,Escalate
ebb08a4d-9a21-4429-8909-df53b06bd29a,People,Medium,2.63,Escalate
e59b984b-f0da-47f6-a529-1a981818b962,Operational,Low,5.1,Approve
9abf9711-0c60-429b-94d0-87cb282d516f,Financial,Low,1.71,Defer
d046e89c-ae61-4bc1-bec1-17b56c6da63f,Operational,Low,5.56,Approve
0e3b4c62-8cb0-4ce7-97f3-c9948ba85f1b,Strategic,High,5.21,Defer
f7a4dc64-6f88-4a0c-8c91-c14864cf5e55,Financial,Low,9.91,Approve
8775edaf-e802-4c14-8a98-1b38c46da77c,Financial,Low,2.47,Defer
c1369957-33c9-4fca-91b4-5eb25926cf30,People,Low,8.58,Escalate
e822a9bd-7708-476d-87cc-d1d195623f51,People,High,9.3,Defer
2e49ba1a-ed68-4516-b82b-e07adad79591,People,Low,3.85,Escalate
554ea72e-d2b0-4d92-b84c-1c33c8e49c8a,Strategic,High,9.68,Escalate
5664f823-28c8-4a15-ac93-bbb0143a191b,Financial,Low,5.51,Defer
e83a6574-29eb-493f-9592-0ab2eef164f2,Financial,Low,9.38,Escalate
f83ef3b6-4f4c-4bdc-8cca-3794714ffd36,Financial,Low,4.22,Escalate
35f8052b-bb6c-451d-abcd-97587856bb0b,Financial,High,3.39,Delegate
a92b7bf3-b474-49cc-8dab-ad3cb50c0090,People,Medium,3.4,Defer
38baa13d-b622-4905-9bd2-1f2617643012,Strategic,Low,1.75,Approve
233d4350-bc03-4273-b90d-ac38bf095485,Strategic,Low,2.23,Defer
6dc17f89-e5af-4ca1-b12b-beab832aa0a4,Strategic,Medium,7.02,Approve
b6fa1c27-409e-4b93-8e01-00beeefb17e7,Operational,High,0.12,Delegate
788e9d7d-41bb-4964-bd7a-c763635ef9a5,People,Low,9.03,Delegate
d232c168-f75b-453e-96fd-0555f4d84280,People,Medium,8.35,Defer
77fc4ebf-f707-48ef-a1ae-103a86935c66,People,High,9.64,Approve
b319500e-a382-4ee2-8423-bc8e785297d3,Strategic,Medium,7.82,Defer
8c9d99a3-698a-4cde-9fdb-11f194d3f036,Operational,Medium,4.49,Escalate
5efa0d2c-fac1-4f25-8395-bb16b304805d,Financial,Medium,5.16,Defer
5b93f6bf-f1f7-4b90-b549-9ce80914d273,Financial,Low,8.39,Escalate
57653fe3-e65f-4b46-bf20-5ce7fcb73f40,Financial,Medium,2.32,Defer
5b852f84-07ce-45e0-964a-c7a5afbdf9ec,Strategic,Low,8.99,Defer
a8c2e000-c1b3-4737-95d7-a0a85acc9ea8,Financial,High,8.79,Escalate
e6de520d-5779-4cfe-b676-02d8d42af64f,Operational,Low,3.69,Defer
db06a850-69b0-4f49-89ef-82a4773ebfc8,People,Medium,9.21,Escalate
36429a24-4bf1-4975-aa3f-6f3f238f2cf2,Operational,Medium,3.1,Escalate
3143a859-e143-483e-a5aa-8dbdd9e559f8,Financial,Low,3.11,Delegate
a4d7e91a-dc50-4743-a1a9-c1ec67770ce3,Operational,Medium,1.0,Escalate
68d27054-472c-4392-a127-46914ea3ff4d,Financial,Low,1.16,Approve
3fdc5a93-b48e-471d-933c-addeaf53037d,Operational,Low,6.93,Delegate
b0577a0a-d79c-40b9-b31d-0cddb373ef5c,Financial,High,3.69,Approve
70ffe1e2-b303-4582-a993-34977c30adc0,Financial,High,1.37,Delegate
aff354b3-cbc7-4fdc-b60e-7ade3a1564d4,People,Medium,8.6,Delegate
63cf19f0-288e-47ba-b6eb-e2ea59747f1d,Operational,Medium,8.17,Escalate
64c307ee-cbfd-4457-93c7-355440a33109,People,Low,5.32,Escalate
990b881d-a7d0-4f00-b9af-239e0f1df24d,Financial,Medium,6.56,Approve
2edb7087-0599-4f64-92e6-85f689d3d754,Financial,Low,9.39,Delegate
7396d3f4-145f-4257-8685-f0d19a45d991,Strategic,High,0.62,Approve
a64ee371-48e3-43f8-a857-afad99255b89,Financial,Low,6.14,Approve
35f46e7d-057c-450e-ba4a-1d0229f7699d,Financial,Low,3.1,Escalate
ed2e69ae-e4f0-4325-987e-9b73d8752967,Strategic,High,6.5,Defer
5b6d6e32-aaea-472a-bde4-f4f66d4022b0,Financial,Medium,0.15,Defer
b8cac407-28b0-4210-b46d-529fe8b25453,Financial,Medium,6.98,Approve
c02447fa-08ad-42d9-ad61-ca6b76b35462,Operational,Medium,6.74,Escalate
9d4eca25-c569-4f51-9a2d-602f568fdeec,Strategic,High,0.65,Approve
e038ecb5-5547-41ab-9859-2c7a4c2fbc80,Financial,High,4.9,Escalate
c22db79b-0ae4-4dd7-9be7-423d5cbf9eeb,Financial,Medium,4.77,Escalate
f194c71b-4f45-4bd3-b90c-4f0e68d945df,Financial,Medium,2.79,Escalate
f412c414-42ed-426f-bee0-dc8ecda7f6aa,People,High,0.59,Delegate
bc3941bc-e27b-4936-9d21-b7c5c4ffe17a,People,Medium,9.53,Defer
00fcfce2-31cb-49c5-80cd-b15512686dec,People,High,8.58,Approve
3a56cfff-9401-4205-b939-c0d9cb25236a,People,High,2.15,Escalate
1d1271bc-caf1-4fdd-b0f5-2e5c92a5efe7,Strategic,Low,2.27,Delegate
fcbf9e3b-22cb-4b1e-881a-4d15f0a54737,Financial,Low,0.41,Defer
da6821da-8e5b-492c-976b-3363b8c92c2a,Operational,High,5.45,Approve
a8d81301-0b22-48cc-9aeb-692fe565f5ee,Operational,Low,6.01,Escalate
beb83c82-79a8-4263-a445-19b86d96506f,Strategic,Medium,7.88,Defer
b45c7028-b7b4-46fd-8bd6-31da9bae28e4,Operational,Medium,1.91,Escalate
a33a2222-e539-4bc7-b15a-ed372421d56e,People,Medium,1.69,Escalate
52b05a49-652a-4ac0-92fd-334f21052382,People,High,2.43,Approve
f1afe448-0565-4e55-b3da-290f0cbd6c23,Financial,Low,5.32,Defer
34dbaf37-0395-44c8-9754-aad6bf113eb2,Operational,High,4.0,Escalate
7980d4bb-ed13-4d1e-9b00-a91846588705,Operational,Medium,7.77,Approve
7a6d75d3-f406-4347-b3dc-e91819768df9,Financial,Low,9.94,Delegate
74cc6255-3dcd-4435-948d-fcf6200cc0eb,Financial,Medium,3.54,Delegate
42f1dc1f-5d8f-4fa3-b3d5-7379a33e1bd4,Strategic,Low,2.58,Approve
3b37db01-e2d2-4ef1-b47f-e06bed38f3fd,Financial,Low,5.08,Escalate
bba27db9-37c8-43e3-a03a-da77290e04a8,Strategic,Low,8.97,Escalate
bfd61cba-1298-449e-888e-ac26601dd2a5,People,Low,8.59,Escalate
bcc157fc-db20-4e3f-a06b-daa37b77798b,Strategic,Low,1.29,Approve
3e89b6d5-783b-4beb-aee4-d0108a45c893,Financial,High,5.02,Delegate
1bfe1a75-1d56-4f85-8360-fa9b5cbad302,Operational,Low,9.72,Delegate
c4b092e6-9b82-4955-9eda-50e37a5ed3f0,Financial,High,3.58,Delegate
6ba59534-5697-47df-ae34-c6953c047b92,Financial,High,1.45,Approve
370cc12c-b640-4e97-bac1-062ca5130e32,Operational,Medium,9.58,Approve
b0defda7-42f0-4afc-b03f-1bb55f8f949e,Financial,Medium,9.33,Delegate
e96be97a-e3e6-4d0b-8ffb-8dc8a863288b,Strategic,Low,1.78,Defer
04e4208c-454a-4758-b4a5-e04b7f4529f7,Financial,Medium,1.17,Escalate
7ced9dc0-57a7-48d9-b4e8-ce48a016c9dd,Operational,High,5.38,Delegate
ce145bb3-ad30-4590-8d2b-68d6a2ac48a7,People,Low,8.2,Defer
97e13854-6a3b-445f-b81a-c657080d8db1,People,High,5.23,Approve
7b7fc4c7-66e1-4ea2-b8a2-d77dc18682fc,Financial,Medium,5.83,Defer
a201cffa-8e99-4f33-bf6b-28934cab876d,Operational,High,9.8,Delegate
ca693cbc-f7c4-422e-bd58-5afad73d67d0,Operational,High,1.03,Defer
6fe4a298-c4f8-40ad-a759-c488dd9b7391,Strategic,Low,4.65,Defer
6e19f997-c045-4fda-885b-053483e204a0,Strategic,Low,4.03,Defer
c7ca4124-c98f-40db-a5f4-55c4acf20608,Strategic,Low,1.95,Approve
a0f2f190-4336-4ed7-8b68-b7852d8c7a54,Operational,High,5.86,Defer
53f30ef6-f2cd-47dd-84b4-19692b12286d,Operational,High,4.47,Defer
5de8703e-957c-4187-8518-fc0d27fd0b79,People,Medium,5.52,Approve
c6be1028-1557-436f-a2ee-bfd6c49d2d2d,People,High,2.16,Defer
11a7f655-5710-436d-b91c-35c7b4b8ec37,Operational,Medium,0.7,Defer
3c850751-fe74-4533-bce5-8249456f3f94,Strategic,Medium,1.56,Approve
e6319a97-331f-4c49-9f8e-77d53d2bdd23,Financial,Low,3.17,Escalate
3d730331-94fa-4b1e-ba81-409ba10102b3,Financial,High,6.09,Defer
950fc918-a253-4d73-8190-2fffdd3c1cd4,People,Low,5.04,Defer
48044b65-be3f-4657-ba07-281aa60a1891,Strategic,Low,5.97,Defer
a29dcf67-aa33-42e5-89b0-e0b6930ee9ea,Strategic,Low,9.27,Escalate
70f9b104-dd86-497f-a648-92db80a59555,Operational,Low,7.81,Escalate
9a7b6cb3-d9dd-493f-ac96-853abd7e754b,Strategic,Low,0.51,Defer
0e497970-f368-4f77-bd65-8c044ac660f3,People,Medium,4.94,Defer
91988095-9d5b-4742-b595-d36a1caef819,People,Medium,0.57,Delegate
b98f9d07-279a-42bc-a2d6-cb2eef598b39,People,High,9.25,Approve
7fb62993-2504-45c6-a77b-40325be77fb9,Financial,Medium,0.28,Approve
22319279-3609-4a37-bb85-b9943a6f5191,Operational,Low,6.16,Defer
148dbf50-bd33-4327-a6b1-7ab1d0a64d1d,People,High,2.04,Defer
27188beb-fa16-416f-b4c6-296df1b6a132,People,Low,5.6,Approve
7f117f96-dc92-4fc8-acd8-407cf04b5b43,Financial,High,1.59,Delegate
78ee469b-7aa5-4208-be2c-ccac47984f12,Operational,Medium,9.76,Defer
4128e13a-dd69-4b28-8a08-3b961d49dbfd,Operational,High,5.97,Approve
