employee_id,name,department,role,attrition_risk,tenure_years
59c718a5-839f-4c2d-9558-b78a0d62a7bf,Sandra Taylor,HR,IC,High,2.0
5b33358c-015e-4a5f-9c4d-c683f97a0cb4,Tina Bradshaw,HR,Manager,Medium,10.1
270a588b-a8a4-45d7-b195-10f17abf77df,John Gould,IT,Manager,High,6.5
99ef3f18-d8a9-4ea4-84fb-cd767b84650a,Matthew Griffith,Sales,IC,Medium,1.1
a5f02fbf-b5b8-4bbd-ae60-2c872811a7f6,John Rush,Ops,Manager,Medium,4.5
f6f982c5-518c-429d-9e51-c6b9372e82c3,Ryan Alvarez,IT,Lead,Medium,2.2
ab89adf4-fa44-4266-a13b-68aec9a20ede,Heather Kim,Sales,Lead,Medium,6.7
f4336a80-c778-4a0f-988a-80fcb59ef2c4,Samantha Roach,IT,IC,Low,2.8
73e12108-57b1-476d-9771-c25617e35495,Donald Vargas,Finance,Manager,Low,10.1
5fc189bb-38b7-463c-ac91-c39c281e5ccb,Kim Payne,HR,IC,Low,5.2
c0ba1557-622b-4020-be7a-4ef8b192a33e,James Tyler,IT,Manager,Low,7.0
8fac0f36-1039-4d6c-b5f3-4c8c2f9fc0dc,Gary Delgado,HR,Lead,Medium,3.8
9b8ca0c9-29bc-4ab0-be0e-640c240d9ca2,John Montgomery,Sales,Manager,Medium,10.2
e0b8be56-6c78-410b-ab3d-aabcda1ab3ab,Morgan Duffy,IT,Lead,High,7.5
8a73fdd2-0bd8-4c9d-8fb7-8b7eb28f203d,Michael Shaw,Ops,Lead,Medium,10.2
86764914-fc0e-4ad8-aa35-6e37dede1c32,Brittany Johnson,IT,IC,High,5.1
501cef3e-47df-46ad-b26f-efd92b496adc,Carol Gordon,Ops,Manager,Low,7.8
2b6f4e55-bda9-4f42-86e4-9eb161ee45fd,Ryan Ellis,IT,Manager,High,5.7
fdb487e3-c7e1-47ef-8856-a6d89f9fbf4b,Amanda Wright,IT,Lead,Medium,3.1
e75ff7c0-0a9e-45f7-85c6-d05a7a2bb3c7,Janet Cook,HR,Manager,Low,6.3
43c8345c-31e8-43cf-9f7d-0db0422c043d,Alexis Swanson,HR,Manager,Medium,11.8
d219209f-f7bb-4994-995e-4cff3426ac89,Stephen Perez,Finance,Manager,Medium,3.7
7aae358a-e11e-4676-be85-f8be1d35bbad,Kenneth Cruz,IT,Manager,Medium,4.6
4261dd6d-815c-42d0-83d5-ea5b456776e9,Krystal Garza,Sales,Lead,Medium,6.6
1307fc41-3855-4e26-97dc-b12401fda6ab,Jeremy Bennett,Ops,Lead,Low,11.5
80573d80-03eb-4566-9d74-cb495b0e6c19,Mark Webb,Finance,IC,Medium,8.4
f865ed79-b2ad-4cea-b6d8-c884ca4500c0,Mark Hall,Finance,Lead,Low,4.5
851c8994-53f1-4e73-bbd7-008cc8e80387,David Miller,IT,IC,High,7.6
d413af16-4e1a-4f99-af6d-eb4dc8ae3a00,Sarah Schmidt,HR,IC,Low,3.0
d7a3985b-d16c-4965-bab0-a5357e40464b,Melanie Robles MD,HR,IC,High,2.9
08da464a-7629-400c-a002-407aadaa372e,Antonio Mullen,Ops,Manager,Low,11.4
0598cc78-2cd4-4bb5-9fc7-2936c48e67cd,Amanda Brewer,Sales,Manager,High,7.0
a0a0138b-60f8-4a02-a471-b9854b2bbd49,Marcus Mcmillan,Ops,IC,Low,3.2
284c5993-fddc-4d4d-8926-1085cfd0d464,Christine Porter,Sales,Lead,Low,0.8
8b3f3e36-7a5c-4b0d-ae80-f0965c7f10af,Loretta Wright,Sales,IC,High,10.9
42fa2dd9-eedd-4176-8ed3-615030b8c979,Chris Orozco,Sales,Manager,Medium,2.8
101251d4-2f0c-408f-af24-b02019e836d4,Michael Perry,IT,Lead,Medium,8.7
5cd59c50-3522-4705-bf08-94925162f42a,Jasmine Williams,Ops,Lead,Medium,4.3
00419e78-1820-49ba-a172-204ce3c484a6,Michael Ho,HR,Manager,Low,6.2
c5c59697-73a6-4aa6-b136-a3ea64921339,Taylor Carter,HR,IC,Low,11.3
463975f6-60e6-448b-94c1-c9190226b404,Tara Hernandez,HR,Lead,Medium,1.8
9358a345-4f3d-472c-b8e0-1747b6b88240,Kristen Pittman,IT,IC,Medium,6.1
64d21bb4-eb29-4f90-ae97-162c03307f23,Sean Bell,HR,Manager,Medium,4.1
71ebe4eb-bd5f-48ed-a9e8-fc001d575f06,Frederick Lyons,HR,Manager,High,9.3
3754aaa1-09fc-48df-a513-cebea789df33,Mr. Matthew Patrick,IT,Lead,Low,6.3
b8260490-ef1a-4886-93bc-bd915c038ebf,Gary Peters,HR,IC,High,7.5
690a68e1-4b1f-434f-ae9e-20d4e94d6408,Paul Reyes,IT,Lead,Medium,11.6
53d8f4f8-fede-4b87-9609-a8c2b4e6fdb3,Kathleen Lane,Finance,Lead,Medium,6.8
7b5634e5-4420-4246-a952-41fc2c474269,Tabitha Baxter,Sales,IC,High,10.1
ff6bd350-dd6b-49e5-ace0-2cd8910234ab,Courtney Cantrell,HR,IC,Low,11.0
6766cc91-0160-4722-97c7-5c9f63abc946,Keith Blair,Sales,Lead,Low,1.2
c283a837-dd2a-4f60-97db-e47d8e380de2,Mary Hall,Ops,Manager,Medium,11.0
894b0d02-1e08-4209-8299-6d7455abba83,Katherine Moore,Finance,IC,Low,3.6
0180abde-ef48-40d5-977a-e636e591469c,Jennifer Hardy,HR,IC,High,11.4
c3dbb37a-e912-4837-bc75-bf483e3b0661,Levi Vega,HR,IC,High,11.5
15df3b08-46c3-445b-bc10-66ce3ac0a625,Karen Watkins,Finance,Manager,High,8.1
7c89b24b-fc1c-4f25-b979-1a32a95107ff,Jacqueline Swanson,Sales,IC,Low,3.4
895005d2-50fb-4097-b643-d39ccc3ebc5c,Barbara Ho,Sales,IC,High,4.4
85c69c71-7afd-4c65-8840-d451366c1750,Veronica Young,IT,Lead,Medium,2.5
99b6ced4-79dc-4878-84c6-9a103c971f29,Haley Fisher,Ops,Lead,High,3.3
bc2f3c88-c315-4018-bd76-0286b9ee9a5e,John Smith,HR,Lead,High,7.9
ea58a3f8-540a-4dbe-a7b7-490a4e727fa8,Kelli Doyle,Ops,Lead,High,6.0
e3ce8146-ba6b-4747-b128-cde0dd7bcdad,Elizabeth Grant,HR,Manager,High,4.0
c9defe27-bdf5-4734-b94b-5a5c54a695ea,Charles Davis,IT,Lead,High,1.0
f574bce7-f995-487c-b46f-e6d8097be300,David Wilkins,HR,Lead,Low,5.2
74ec9413-d57c-45ba-b983-9089e1ce73e3,Emily Dawson,HR,IC,High,10.2
66fe4e96-3202-4cb7-9189-2b832abbdb6b,Jennifer Hamilton,Sales,Lead,High,1.7
d5d02bbd-eaed-4033-bfa3-4eb06bb5b180,Kathryn Rios,Sales,Lead,Low,7.3
f9d95125-81bf-488e-9f58-67de968c5203,Aimee Roberson,IT,IC,Medium,2.5
17cb6f13-719e-45a0-a6b8-af8f0605d084,Eric Yates,IT,Manager,High,0.6
1530f388-b635-4e0f-b73c-f6712d286801,Amy Bond,Sales,Manager,Medium,3.5
e0cbb374-94c8-44e3-abf6-5ed46918f82a,Rebecca Kennedy,Finance,IC,Medium,11.8
5b92ab36-868f-4cf5-b046-6b99b2106c74,Shelly Ramirez,Ops,IC,Medium,8.6
aaf5b9d3-d59a-4c44-9477-fafaab333b7c,Jeremy Smith,Sales,Manager,Low,6.8
9c3f53c2-9b58-4b24-bc2c-1a4fe6e81863,Todd Velazquez,Finance,Lead,High,5.1
f029a8a9-8f6f-4faa-babe-9f34ed363dad,William Zamora,IT,IC,High,10.9
c4c863b7-3380-4a40-b016-d2308c02957e,Curtis Thompson,IT,Manager,High,6.4
9e7809d3-75c3-46a8-bd02-f2634e32c394,Dr. Garrett Bolton,IT,IC,High,3.6
980ea99c-ac19-4169-ad8d-4a1c172e92ad,Joseph Taylor,IT,Lead,Medium,1.9
255f8027-dc1e-479d-8e89-afd132eff12d,Randall Silva,IT,Lead,Low,10.1
712ff0cb-6d33-45ca-8a3f-b67e7fa1d65a,Jay Roberts,HR,Lead,Medium,5.3
7f9e597f-2562-4c19-a1dc-6eb47ee9a69c,Karen Murphy,Ops,Lead,Medium,8.0
4f1e27ba-8258-4ed0-b0ac-09c6bb768d09,Amanda Swanson,Finance,Lead,Medium,6.8
3b58c0ea-193f-4ae7-85c7-8f4973022274,Tracie Riggs,Finance,IC,Low,3.3
108d1657-c0a8-4a9b-b225-9ad9b65da2eb,Debra Edwards,Sales,Manager,Low,0.5
b8eeea44-96d4-4b60-91a5-1497dd266601,David Miller,IT,Manager,Medium,3.6
1beced15-b355-49d4-ad7b-a429d9f0ead6,Sara Neal,Finance,Manager,High,11.1
4fb36c99-bd46-481b-9446-ed98c2e7daee,Jeffrey Tapia,Sales,IC,High,8.3
e552f49f-ac10-47c6-b7e9-e31ef43caeef,Susan Murphy,IT,IC,Low,6.4
0980f9b9-28b0-4133-8833-98d44276f5cd,John Howell,Finance,Lead,Low,2.5
3605f842-0568-43e1-83d7-d5172b4b00ee,Frederick Douglas,Finance,Manager,Low,1.4
71d35ae4-3d2f-408a-b73c-463edd10e13a,Francis Lawson,Ops,Manager,Low,9.3
8df78274-4594-4c26-93a6-3750df4f5664,Deborah Schwartz,HR,IC,Medium,7.7
8f8d8781-701e-4415-8ce5-aee813affcfc,Jay Mclaughlin,Ops,IC,High,0.8
37180b5b-a8bd-47f7-8fd7-e73518ec9f4c,Samantha Beck,Sales,Lead,Low,3.1
ad2288f7-eb3a-4cb6-89ac-b51e64e2bb84,Melissa Chavez,Finance,Lead,High,7.4
6e39ff71-51f7-425d-b68d-ac697d217339,Karen Shea,HR,Manager,Medium,0.9
f58102d4-bf23-46e2-9914-dbd5917e6c55,Parker Lopez,HR,IC,High,9.5
9b519ec9-714e-4e65-b4d1-844c968994f6,Darlene Gray,Sales,Manager,Medium,10.8
8a99cc14-986b-4da1-a905-9c7114fd134f,Cody Griffin,HR,Manager,Medium,0.8
b47afa3d-24a1-44f1-b73c-39cc49256624,Daniel Hughes,Ops,Lead,Medium,10.1
df031ed0-fa01-4681-a262-c75f88c176f5,Claudia Hayes,Finance,Lead,High,6.7
805fca9b-ca79-4881-b04c-aa451f82858d,Jason Hooper,Sales,Lead,Medium,2.7
4068bf1f-5c77-4b40-84e9-92a44f9f5351,Cassandra Martin,IT,IC,High,7.2
22d9c95b-cff2-42f1-989b-96840fe846af,James Bell,Finance,Manager,High,9.1
22390a8e-1f92-41d5-afa4-cff44a098c0b,Eric Jones,IT,Manager,High,9.5
cadf1547-e093-4447-9cae-d5a39482b928,Travis Robinson,Finance,IC,Medium,6.7
0e1586db-3cca-4536-a6f4-e25a4e5e77d2,Mandy Carr,HR,IC,Low,3.3
90c43f35-3f13-4928-989b-a6bff3799577,Brian Garrett,Sales,Manager,High,11.7
ced92c6a-56a3-46e5-b5cd-d03231247d88,Bryan Stewart,IT,Manager,Medium,1.6
e12b9bd4-b939-4cd6-a423-8640e2332ff9,Christopher Henderson,Ops,Manager,Low,10.9
464e3cd4-b64c-4abd-800f-a7ff8addd963,Jeffrey Hawkins,IT,Lead,Low,11.1
3936d50b-cb01-411f-bcfb-04a2902a7d60,Ernest Hunter,Finance,IC,Medium,11.2
57cd8b45-ff2d-41d0-94ee-423b73bdf442,Nathan Fernandez,Ops,Manager,Low,2.8
77c9847f-01a9-4fbc-b37b-bf7c0687a480,Paul Atkins,HR,IC,Low,11.5
efc1f9fa-0ed9-4f6c-9286-cd0fde84ab75,Molly Ayala,IT,Lead,High,8.7
7ec9e4b6-6025-49a6-956d-04161a26d3b7,Jerry Rojas,Ops,Manager,Low,7.0
fb67124c-5a95-495a-a1de-a8b9a2e8b2cd,Lisa Ingram,Finance,Lead,Low,6.9
ccb4b9cf-3873-4ca2-b788-e1a576d36d90,Richard Salas,Ops,Lead,Low,9.8
f35d0af0-de10-43f8-892f-9290f3308e03,Shawn Lewis,HR,Manager,Low,4.6
4a2aa64e-a812-4a60-8fb2-d49428cf758d,Michael George,Finance,Lead,Low,5.4
2ee1530d-69a1-4a77-8353-3ba2e51a2288,Ryan Smith,HR,Manager,High,7.6
083878ec-37a0-4206-8bfc-812687255735,John Martinez,Finance,Manager,Medium,0.9
0389493c-a681-45ab-8e81-113d6a4ec6ac,Kaitlin Dawson,HR,IC,Low,2.1
94358cc9-f8ca-46ed-8e8b-9374aff97194,Joseph Rowe,HR,Manager,High,3.0
dcc207bc-7ffe-4594-bea8-c031427481e4,James Davis,Ops,IC,Low,7.0
3f719dd9-ba10-4b2e-98de-e76774275dca,Jeffrey Keller,HR,Lead,High,2.6
217d0d7f-478f-428e-a669-d25c8916af5f,Gerald Williams,HR,Manager,High,7.9
3cbdebb3-bfc9-4ff8-a87a-3dad52b42d3e,Caroline Price,Ops,Manager,High,0.6
f5c25924-092c-4931-a7d5-76525bfc8e84,Kristina Roberts,Finance,IC,Low,8.6
89d6b65f-3ea1-47d7-82af-54726a5beb45,Jennifer Hamilton,HR,Lead,Low,1.4
e14e6614-c700-42a4-88df-110e299141c1,Joseph Lopez,HR,Lead,Low,7.1
5857856a-e4be-4656-90b5-4b3bfbfcb709,Matthew Webster,Finance,Manager,Medium,10.5
eebe99d1-ae23-4dd4-a1d2-04d7b13129a2,David Evans,HR,Manager,Low,10.4
bc9456a8-e464-4b2f-b197-96389259b17c,Kyle Adams,IT,IC,Low,11.8
7b354b06-025c-4a60-b54e-7572c45a99ca,Michele Diaz,HR,IC,Low,3.2
2ac23a40-1da4-4fe8-a03f-45e42c9ddc4c,Erica Kim,HR,IC,Low,3.1
8240d1a4-8444-4950-bca3-0fa19eecebf5,Heidi Smith,Sales,IC,Low,7.6
04ffe888-c234-4b83-94a8-57ccf68c2684,Jennifer Austin,HR,IC,High,8.9
574ea314-ba49-4ecc-ad64-15a799b55f18,Seth Brown,Sales,Manager,High,4.2
fbb97aca-0cb2-470f-b844-fa1e54b90d20,Jackie Mendoza,Ops,Lead,Medium,4.7
143a3c95-4bd6-4119-ad99-131928daa089,Maureen Velez,Sales,Manager,Medium,7.5
3a542d44-53a7-4831-ad89-9c1ecdc79069,Anna Ward,Finance,Manager,Medium,1.7
aa16f386-1498-45b9-b6db-cba879b9e87d,Christine Young,IT,Lead,High,8.7
6d74948f-f9fe-4f25-bdce-ffbbd86011a3,Vanessa Woodard,Sales,Lead,Low,0.5
15bc92ce-ec40-4b79-a082-d50baf1dc68f,Sarah Oliver,HR,Manager,Medium,9.8
9c9002a4-5c0c-4fad-8e13-65a54a470d29,Jessica Wilson,IT,Manager,Medium,3.7
16494f53-8450-47aa-9d98-f08eb79ea661,Michael Young,Ops,IC,Low,4.0
2415529d-9e38-4cb2-b79d-7d85f2030bdd,Patrick Marsh,IT,Lead,High,6.6
2d12383e-1f49-4949-8366-95b83237193b,Rita Douglas,Sales,Manager,Low,4.2
ad58e68c-e0ad-4b04-98ff-94c3856343fe,Joshua Rogers,Ops,Lead,Low,6.2
535cc5a7-e965-4e9b-938c-d4422577fdb1,Robin Green,HR,IC,High,9.9
48d6f460-4d24-4b4a-870d-cb502b4710eb,Thomas Brown,IT,IC,Medium,4.5
56e3a546-5b4d-44ad-9f7e-61e197ab68a6,Darrell Abbott,Sales,Manager,Low,11.0
a28ff194-0425-4712-9ef5-905857cddc71,Kevin Taylor,Sales,IC,Medium,7.9
75036b43-2396-4c55-aabf-31aaf17d30a3,Christopher Thomas,Ops,Lead,Low,2.3
7508a6a1-8dd4-4e65-b48b-6ebe335d42b3,Mark Anderson,IT,Lead,Low,9.0
e6edf481-2a41-4a23-9a46-041bca54c78c,Alexandra Mosley,HR,IC,High,5.6
5f15c6e5-c593-4242-8cc5-66ace2445144,Katherine Hammond,Sales,Manager,High,10.5
dd41bb39-f08d-404c-8475-be93da5ba32a,Adam Navarro,HR,Lead,Low,4.9
31f1835b-ae0f-4441-b776-0b0d4afb0130,Logan Lee,IT,IC,High,1.5
0539114c-107c-4ae2-8643-555d7d2a20bf,Chad Thomas,Finance,Manager,High,3.5
54c1a3d2-28a2-4f8b-9de1-50c10e7e8b87,Tiffany Romero,IT,Manager,High,12.0
faaa330f-75b7-4d42-8f9d-8b744bd0d9a5,Christopher Johnson,Ops,IC,Medium,5.5
d5a20830-bdf0-4ca3-a07b-8361e74f5edb,Joseph Davis,Sales,Lead,Medium,4.4
42d15cc2-452a-4e3e-84d5-2616faabca9f,Eric Campbell,IT,Lead,Low,10.6
ddcb7008-1c66-48d1-9452-ba9647bbe7df,Carol Duffy,IT,Lead,Medium,2.3
71f7b715-d0bd-4989-88a4-819070d551a9,Megan Espinoza,Finance,IC,Low,1.9
652a6058-bb8f-415c-9f5a-029aa7304934,Theresa Martinez,HR,Manager,Low,9.9
549dcce5-92bd-47af-84dc-2c0ebecc850c,Jennifer Miller,Finance,Lead,Low,3.6
7d6220fa-680e-4a61-a677-55cba0cc7b98,Christopher Taylor,HR,IC,Low,11.1
c6c25aa1-7969-401e-b099-8e8a1ece095e,Rhonda Davis,HR,IC,High,3.5
2e9a75bb-59fc-4bd3-8d44-c3e0a24a953d,Mrs. Alexandra Hamilton,HR,Lead,High,11.5
19e79d7b-24ba-40ee-8117-80ca5e7eff1d,Jordan Thomas,HR,Lead,Medium,1.0
103fb9ba-64f7-4b80-83a0-5d64c020e701,Heather Harris,Ops,Lead,Low,8.4
7af2e88a-cef4-4211-a493-c6579cdeac1f,Ronnie Jones,HR,Manager,Low,2.2
f7605b95-a1ca-43e9-ab87-e47982b3ec91,Daniel Baker,Ops,Manager,Low,10.2
9d0960e7-cd0e-464b-a5eb-e9c9e6c629a3,Jennifer Phillips,IT,IC,High,9.4
af306413-21c6-4420-950e-418318c9b2a4,Preston Thompson,IT,Lead,Low,7.6
00238127-072d-496d-962c-c8fb24728976,Paul Swanson,Finance,Manager,Medium,8.2
ae81a837-260b-4e5d-8ba7-070049447220,Daniel Farley DVM,Finance,Lead,Low,6.1
3aeab7ab-be88-41cd-a50b-362adcf501a2,Matthew Bartlett,HR,Lead,Low,1.0
a1c5a34c-77dd-4749-b2b3-759577e99626,Jennifer Warren,IT,IC,High,11.1
d2362b99-628a-430f-b68c-ee008f023de4,Wayne Matthews,Ops,Manager,High,5.6
fe80d8ee-c57f-4a16-9b5e-6136655dd842,John Lutz DVM,Finance,Lead,High,0.8
9b0381b9-229a-4871-8bcb-818dcab7dae8,Stephanie Joseph,HR,Lead,High,3.8
6e40483d-06e6-49f9-b9fa-5ba8a0d07e8f,Kristin Rivas,Finance,Lead,Medium,7.7
9d9a0859-d4e5-4802-b9ff-79f309042e06,Shannon Carter,IT,IC,Low,1.2
4fc96e1f-1e5d-4bba-8e61-2cbca628501e,Patricia Christian,Ops,IC,Low,5.0
b210981a-b1a2-4be8-b272-654d1f1ce460,Rhonda James,IT,IC,Medium,8.8
9f9ec819-dbea-447b-a2ee-4bf0542d19ab,Rhonda Young,HR,Lead,High,5.3
6c96ba89-840e-48d1-9f7e-74cd7d7137fd,Charles Anderson,Ops,Manager,High,2.5
7eb659e6-6d75-4775-82d3-c9651130c747,Dr. Duane Thompson,Finance,Manager,Medium,10.3
234d43b2-73bc-4829-9fed-384d3b5afe5d,Tracey Wells,Finance,Lead,Low,3.9
bc01bed8-b4da-4738-bc73-4554bd7fcdb0,Kevin Schwartz,Finance,Lead,Medium,3.2
f6d5f9eb-42bb-46c7-9794-538697bf88f0,Deborah Wheeler,Finance,Manager,Low,1.7
2e9dbc73-2d79-47cb-a889-5c9986d21921,Shelby Zuniga,Sales,Manager,Medium,8.0
9d1ef657-1c38-4eaa-829a-876baa26bc2c,Brad Mejia,IT,Lead,Low,6.0
d07065bf-0509-428b-bcba-9e651adbd492,Adam Houston,Sales,Manager,Medium,7.3
21b9a13d-e3c2-4e81-99af-067f4b2272ad,Jacob Payne,HR,Lead,High,7.3
69e0634f-b307-418b-a5eb-a815360a2faa,Donna Carpenter,IT,IC,Medium,6.5
53f3d98b-2fce-4be7-a392-98e95add3af5,Perry Pope,HR,Lead,Medium,3.6
899b5d8f-0b21-47ed-9217-2493d24e8661,Daniel Baker,IT,Lead,High,1.4
d5877732-f4b4-4f42-a4bd-15c06937080d,Alicia Armstrong,Finance,IC,High,6.3
9f17ca4b-0303-4696-ac3d-961070ed0962,David Gonzalez,HR,Lead,Medium,1.9
c2f5a83c-f070-4538-b35d-55e2317a04cd,Erik Powell,Sales,Manager,Medium,8.7
25da6f85-49ea-44b9-92c8-7c7067a299bd,Lance Diaz,Sales,Manager,High,1.6
9ddafb7b-19bc-4ede-92eb-c728616c31ea,Paige Lane,Sales,Lead,Low,5.1
8d4c6c4e-c7a1-4b19-9979-0034238c00f8,Alicia Spence,Sales,Lead,Low,7.1
c8c49115-af88-49d6-9cb6-afd7c7caf429,Jacqueline Estrada,Ops,Lead,Low,11.2
8c3c6383-17b5-4bd7-9a5b-39d133e15f3e,Victor Garner,HR,IC,Medium,4.4
6898a1bb-47a3-4c4a-8647-42f3280a35ac,Dana Wilkerson,Ops,Lead,High,6.3
e1254a7e-64d1-4532-a957-c7daeab6fd8f,Martin Lucas,Sales,Lead,Low,9.3
89e7ae77-9153-4460-897b-0381cc967ff8,Jennifer Stephens,Sales,IC,High,7.0
36053b36-59c9-45ef-8765-56add1a810c1,Lisa Willis,HR,IC,Low,5.8
ab3a11cc-2ff6-4e2e-a3ff-79753806c557,Joseph Luna,HR,Lead,High,9.4
29f435d4-9804-439e-a502-f0c6741c2adf,Amber Cruz,IT,IC,Medium,3.4
ce40c680-e44a-47c0-b670-0f05556463fd,Anita Schneider,HR,Lead,Low,5.4
22e35ea9-1e78-498e-9ff6-2e7895072cf7,Michelle Walker,Finance,Manager,Medium,2.5
f90f5e1c-6ec1-4880-a855-59261363c9b2,Barbara Cooper,IT,Manager,Medium,11.6
c809e757-c3d6-46c1-ba85-5288a106ce81,Ronald Wolfe,Finance,IC,Medium,1.2
2e7ffccd-7fdc-4946-835f-bb77af2329fd,Amanda Bowers,Finance,Lead,Medium,4.3
3515f6bd-0622-4068-81d2-601239bc070e,Jamie Powell,IT,IC,High,10.6
ba8cefc3-df39-4cc8-9c34-b437520a051d,Mark Johnson,HR,IC,Low,0.5
d538ce12-2519-496b-8351-7413127e528b,David Mcdowell,Sales,Manager,Medium,5.0
c5922a28-4ac4-4935-8de5-f24e08aa47d5,Kevin Rivera,IT,Manager,High,8.2
fbf39e00-207e-4513-a8d0-31527ef3a329,Gregory Smith,Finance,Manager,Low,9.7
9948c66d-f251-4067-8b23-5af4e422dd4e,Nicole Nichols,IT,IC,High,10.1
d1340e54-ec3b-461b-ad0e-c35fd65772d2,Lori Greene,Sales,Lead,High,7.5
ac5a3e20-3753-4b39-b5fc-5a1e34149158,Todd Thomas,Sales,Lead,Low,10.1
3b4d5659-5aac-47b7-9e7c-7875ccf2504e,Jessica Howard,Sales,IC,Low,5.7
8330ee56-63f5-417b-8650-f17b5bc40a53,Madeline Ramos,Ops,IC,High,4.2
32bb20f0-3c2c-4044-8c50-4d07b026e55e,Emily Sandoval,IT,Lead,Low,7.1
796cafff-f1ae-4d78-a481-f2b41145a0e6,Stephanie Brown,IT,IC,Medium,10.9
a95f3429-9bda-48b0-9e85-2e14b49de9de,David Howell,HR,IC,Medium,4.8
d4839c17-38dc-4205-bbde-4e3c5b3ce9f9,Amanda Holmes,HR,Lead,Medium,8.9
caffcb31-9b03-4da0-a720-f9c387e8eb27,Russell Williams,Sales,Lead,High,10.7
f6bc7e96-2cc0-4a38-8ed6-c1bbff1eaaa2,Joshua Figueroa,Sales,Manager,Medium,7.9
28bab890-23a2-4f84-94fa-395311833d04,John Lee,HR,Manager,High,11.9
ae25e5f3-a1ef-4ad2-8d7e-45fe0341d5eb,Richard Fisher,Ops,IC,Low,2.5
bcb87bcf-6d1b-432c-8b32-dadb8d387138,Jerry Griffin,Sales,Lead,Medium,6.3
d8923e3e-9f50-4bad-8a15-de8afb9414ea,Martin Mcmahon,HR,IC,Medium,3.5
21671383-eb5a-4eaf-8d31-c8be9c0ac356,Ryan Johnson,Finance,IC,High,8.8
a39b4a10-5134-4ebd-a6ae-536d6091d78c,Yvonne Henderson,Ops,Manager,Low,0.7
6c186688-4a27-43d3-84dc-fe4145a826e4,Brandy Boyle,Sales,IC,High,10.9
94ae22c1-0eb2-4929-9b78-b87bc30bf22b,Richard Miller,Finance,Lead,High,4.6
1f1cc69b-0c33-4b25-83b3-b6a0920c431a,Kristopher Jackson,HR,IC,Medium,5.3
ad940ae6-49e3-4fcc-97c8-2570c87e6965,Anthony Ingram,Ops,IC,Medium,9.4
c4857562-c2f9-48f6-bafa-9a9e07a0dab1,Melanie White,Finance,IC,High,6.5
6205cfb1-c349-4c04-835b-24b31f44b869,Lydia Potts,IT,Lead,High,11.9
a32031c5-ceb2-4bed-911e-d7008e8fd09f,Richard Kelly,Ops,IC,Low,9.1
23c286f5-9a59-49f8-8935-9d0a54d6b95a,Daniel Thompson,Finance,Manager,Low,7.8
3b1d3a0d-4ae1-42e6-a9b0-28336208df36,Andrea Cook,Ops,IC,Medium,2.5
8c17dac8-3f31-47e3-a86a-96eb30d12268,Mark Hernandez,Ops,Manager,Low,11.1
51b16550-1c28-4573-ae63-46a04aef2cef,Darrell Shelton,HR,Lead,Low,3.8
aadccc42-d286-4ce4-a661-59681ac37154,Jeffrey Sheppard,Ops,Manager,Low,2.6
17de7520-fd42-4340-9811-ce5bccabe200,Terry Crawford,Finance,Lead,Low,8.1
1fb36107-85ef-4af1-9d87-a32920b7ff15,Lisa Bell,HR,Lead,Medium,3.8
c3dba6e5-1f0e-4ffe-ac34-66ca7f1dd9bc,Calvin Smith,IT,Lead,Medium,4.2
92a741b0-ed7a-4ab1-ba07-9a89d5fbda31,William Bryant,Finance,IC,High,9.5
b91aef89-fb01-4028-bd64-f1f27b286560,Christian Young,Sales,IC,Low,10.1
71893505-7460-4cac-8db6-95cb871cc2a1,Melissa Frank,Finance,IC,Low,9.7
9a48ddf6-e18e-4dad-b591-4cd7313628ce,John Johnson,Sales,Manager,High,7.9
4c6d5bab-2a34-42fd-b5ce-d0d8e0156233,Monique Evans,Ops,Lead,Low,9.5
c8ba5652-d14f-4d23-9d95-e7295f029084,Leah Patel,IT,Lead,Medium,0.9
638728e0-5dd8-4180-b513-1450555c6248,Emily Maldonado,IT,Manager,Low,0.8
7da224ea-c77f-4c63-adb6-de8e47b21e39,Michael Miller,Ops,IC,High,2.5
ffd908e8-1b0d-452d-b48a-a90fb4d4b02c,Heather Williams,Ops,Manager,Medium,9.2
cfed483d-3ee9-4c51-9a2d-50c4456bfba8,Michael Fox,HR,IC,High,2.6
82b74842-3aa5-4423-bd2b-14d1fb7d9684,Steven Goodwin,Sales,Lead,Medium,9.7
dceb2ac9-bc0d-4bcb-9e8f-cf0285fdfe7c,Sarah Brown,Finance,Manager,High,0.5
8aad4037-4169-4175-9d82-bed637919f28,Robert Flores,Ops,IC,Low,1.2
86f73fc6-7304-4771-b7d1-dab87801b90f,Curtis Johnson,Ops,Lead,Medium,1.6
20e0cb79-a6da-4e74-b0c3-59d0b9718081,James Maldonado,IT,IC,Low,7.3
faadaabe-aada-4e9a-8c3f-63d2c6b0a766,Madison Odonnell,Ops,IC,Low,7.6
4792de8e-bc85-4c57-87c9-9badde8cc210,Ryan Myers,IT,Manager,Low,1.0
15f5ac65-f805-4f6f-9466-3a7e87aca66f,Samuel Nguyen,Ops,Lead,Low,8.6
a1b68316-c56b-4cd6-ba3a-8cdba2772b87,Shawn Gilbert,Sales,Lead,Low,0.6
1d34233f-6a61-49f6-bf65-0b19457fe224,Rebecca Harris,Finance,IC,Medium,8.6
dbc15f87-2301-4e6b-ab32-15f09be28750,Nancy Phillips,IT,IC,Low,11.8
a0d24b6f-ec99-4ba1-afd3-7c2b45cded93,Terry Lee,IT,IC,Low,8.5
b8ad62de-f2a0-42b1-a10a-ea5c99cdbccb,Gregory Davis DDS,HR,IC,Medium,5.4
f64e6cbc-5946-41fa-9615-056f198ac522,Megan Lee,Sales,Manager,High,3.5
fa664641-43a6-4a4d-8aa1-723d857f0f8a,Tonya Weber,IT,Lead,High,2.3
4ff322b3-64c4-4588-9f4d-5451eecbf263,Kelly Anderson,Sales,Lead,Medium,7.5
ee6d7f14-0ee3-43d3-ad40-23befeaae499,Jo Jennings,IT,Lead,Low,9.3
2fd7fc46-2598-4b7d-8b09-b47034bd7942,Bradley Perez,IT,IC,Medium,2.6
7baca9a2-2fb9-4ba5-b969-3e87d09a2d6f,Mallory Barnes,Sales,Manager,High,9.1
5bf78121-50f7-44e3-a638-6fd6aae083d7,Sara White,Sales,IC,Low,10.6
2611f49d-4c5c-4f8b-9208-8370532e46ba,Jason Gonzales,HR,Manager,Medium,7.5
91e140e2-ec80-468e-9b25-ea11333e1c14,Anthony Johnson,Sales,Lead,Medium,11.6
3a0a57aa-c6b1-4141-a509-561081a11852,Ariana Liu,Finance,IC,Low,10.4
dbf7c099-579a-4069-9c45-efe649cafa8e,Eric Harris,Sales,IC,High,11.1
bd16ee13-8393-437a-8e22-b06fd818b7c1,Rachel Adams,Finance,Manager,Medium,8.7
28b27e97-7a91-47d1-a887-7a196d31da33,Joel Davis,IT,IC,Medium,6.9
3042675d-4396-4e80-880b-2918b7ccd8d1,Judy Murray,HR,Manager,Medium,7.0
e0bad170-c9fc-46cd-b5ed-436cfc2c9170,Seth Ward,Ops,Manager,High,11.4
7244b63c-98b5-4e0e-89ef-85376ac32932,Colleen Castillo,Ops,Manager,High,9.9
a2d4686a-4636-4c97-8d79-50a774b8109f,Christina Waters DDS,Finance,Lead,Low,9.6
a3dd0797-a8a9-4405-80e9-693d81c04c12,David King,Ops,Manager,High,4.3
99b0ebe6-55fc-4e58-a7c4-1ab7e87aa308,Elizabeth King,HR,IC,Low,9.3
ab900091-4d33-489e-866e-0acd0f821ab8,Cory Nelson,HR,Manager,High,2.3
ae50c505-43ea-48ab-971c-3de5775de2b1,Erica Baker,IT,IC,Low,10.2
3d39f48a-3c29-4853-83fa-ef13b56e964b,Wendy Barr,Ops,IC,High,7.7
42c9fec8-65f0-4568-becc-a74c7c3f953b,Jill Moyer,Ops,Lead,High,3.4
76e9d4e0-2e59-4919-8f58-ebfde446cc00,Javier Stephens,HR,Lead,Low,4.8
e8183785-f84e-4e6f-b9ec-f3d6f2695dfe,Rodney Wilson,HR,IC,High,0.6
deceb466-6204-4ad3-a945-118a54c5809d,Russell Reynolds,Ops,IC,High,9.9
68d70f62-b734-4f4e-a414-893454f48f54,Jason Robles,Sales,IC,High,7.1
b4cbac1d-186a-4436-a2e6-a30a51117c78,Mitchell Middleton,IT,IC,Low,9.5
c9050d6f-b026-44ef-9c51-597595834b5c,Dylan Gilbert,Sales,Lead,Medium,7.4
39683d37-ae27-40bf-9158-a1561b291767,Heather Cruz MD,IT,Lead,Low,7.8
39d401a5-c940-4ec3-acf7-b278490e282b,Misty Joseph,HR,Manager,Low,3.4
cd96c094-f663-4278-87c0-ebbc4581bcc6,Alexander Cox,Finance,Manager,Low,1.7
473ed9bc-8419-4f5e-9eec-47ab777db478,Brenda Hernandez,Finance,Manager,Medium,4.0
9baaeae2-a002-41f9-b89e-e05b7ee4ba4c,Marc Mccormick,Sales,Lead,High,6.8
4842856a-8970-461c-98b5-ebaee090ff01,Tammy Young,Finance,Lead,Low,11.3
a5d0d3b4-4cff-4c84-8f21-bbf394711c03,Kimberly Green MD,Ops,Manager,Medium,9.9
fef78f8e-55a8-45d7-9f11-38249ed3f91b,Jesse Ross,IT,Manager,High,6.5
4c5f9ff2-83be-4a05-9fad-842012d7f1b4,Michael Ortega,Ops,Manager,Medium,8.1
e13eac52-02b1-480c-aecf-5f627f4ca335,Susan Carter,IT,IC,Medium,7.9
5ca75e3c-6212-4175-b9fd-ef2dc5239dac,Calvin Weeks,IT,Lead,High,5.6
6def5369-7366-4d73-a233-122c3bc12215,Samuel Wells,HR,Manager,Medium,5.1
a3b1ce4f-35b4-4dab-8683-c7777f4f37ea,Ryan Perkins,IT,Lead,High,8.3
68efd7b6-f4b1-4058-96e1-0680bd4c6766,Jose Weber,Finance,IC,Medium,5.0
37151603-a66b-424c-8caf-a6ed108ec08d,Dr. Elizabeth Hodge MD,HR,Lead,Medium,11.6
f221f88a-a158-42ef-a11b-0a1dc6610457,Sharon Hudson,Finance,Lead,Medium,4.9
f73c88ad-6fe2-4893-8cb8-f64293d9258a,Nathan Miller,Ops,Manager,High,2.8
d0b2d336-e77b-4242-a98d-859a47b5f573,Tiffany Mcgee DVM,Finance,IC,High,3.7
580a8a38-a7a3-4a0a-bb19-97a4d306f0ba,Jessica Hendricks,Finance,Lead,Medium,4.4
2ee31bee-fddb-4357-85ed-53bf323b159d,Rebecca Acosta,IT,IC,Low,1.6
84719fbf-69fb-4211-a3c5-dcab2f89ab94,Stephen Evans,IT,Manager,High,4.4
decfe4d5-8b02-431d-8aa3-ba54fc133171,Crystal Johnson,HR,Manager,Low,2.1
c5efa2d5-9f80-4160-a0e4-66ee512e40c9,Ariel Montgomery,Sales,IC,High,11.8
6311ee20-4184-4e51-a8c5-25c3623e7b3a,Patty Davis,Ops,Manager,High,4.0
89c86763-8d62-4aaa-8c10-92bbab6a4db8,David Hill,HR,Lead,Medium,10.9
d6f0b1b1-209a-4a29-bf36-0dae9fe0524e,Scott Kramer,Ops,Lead,Low,1.4
f75ed309-ae76-4719-b469-f5d470e9517c,Megan Miller,Sales,Lead,Medium,4.6
8c326f1f-b96f-405c-b5e1-73b7158251c0,Heather Meyer,HR,Manager,Low,10.7
77e3adca-6e06-4ff8-ba19-6443f7a30fb3,John Carpenter,Ops,Lead,High,9.0
c0964a19-ad21-489a-901b-213cce043dcc,David Casey,Ops,IC,Low,7.6
a2b20ce8-6c08-4da4-a4ea-75b802226ca7,Jennifer Parker,Ops,Lead,High,11.4
12fba0e2-c631-4b2e-8e22-d4227d7bb235,Melissa Duncan,IT,Lead,High,2.1
dece601e-1210-486a-b356-9191c10fad5e,Kristina Davis,Ops,Lead,Low,10.8
de1ed27f-ef5e-4c7d-bdd9-81b910b88061,Taylor Lee,Sales,Lead,Medium,4.7
9ac8ec68-5645-4207-b1bc-84fe5fcc54e3,Kristopher Gonzales,IT,Manager,Medium,0.6
e818af87-52a5-472f-b7ff-74938c4ffc68,Sean Bowers,Sales,Manager,Medium,3.6
0564c20b-0de8-4c2c-a24e-ba0282ae1c4e,Derrick Murphy,IT,Lead,High,6.6
6726ec91-2613-42d9-9f41-5d410e32c4e3,Jennifer Sosa,Finance,IC,Low,11.2
ab74c429-cd39-4054-804e-2590314959f0,Caitlin Lang,IT,Lead,High,4.3
9e195fc9-f8f0-4eb7-b253-28dd5c93721d,Timothy David,IT,Manager,Medium,4.5
ac9ce9b0-11e1-495b-b5c4-272cc036d62f,Abigail Conway,HR,Manager,Medium,5.7
0317ccbe-eee5-402e-992d-0c801e7b7d66,Jacob Solis,IT,IC,High,6.5
8ced8263-cb2e-454d-bb67-c754e8525303,Jillian Jones,Sales,Lead,Medium,10.2
a14ddedc-3126-4930-94c8-a2221eee8c35,Cynthia Mills,IT,Lead,High,8.2
3c728e19-7494-44c8-af3b-21ab17f6f37d,Bruce Daniel,Finance,IC,Medium,10.9
3ed90ebc-2ce3-44eb-81f7-09d3fc03db0c,Cynthia Mason,Finance,IC,Medium,7.1
3110e422-3ff2-43c7-9853-db2fb9ad3b1b,Nicholas Tucker,Finance,Lead,High,3.4
72e612ea-6807-488f-aa75-e830d865662c,David Gates,Finance,Manager,Medium,0.6
ab68d839-1a31-4a1e-bee4-d50ee2ff7388,Anne Bruce,IT,Manager,High,8.1
2ab9885a-e2ea-4562-9298-3aebd99b0e79,Heather Ramirez,Ops,IC,Low,4.2
1cd144be-9639-4d46-9ca7-80dd31fa8f63,Monica Ford,HR,Lead,Medium,11.7
e8deb737-2310-4874-9e69-e362143f3ae3,Jerry Sanchez,Finance,IC,High,4.9
9f8f8bd5-a03d-40f2-b9f8-6d587f82ccd5,James Patel,HR,Lead,Low,2.6
8f9e6651-0ea7-4a9e-b722-95fd26432ee7,Marissa Taylor,IT,Manager,Medium,3.6
722bc159-95b5-425f-a670-05e6ac51c2bc,Amber Brooks,Finance,IC,High,4.7
d07ce49d-cd3a-406a-bde6-55f43acd4b66,Linda Duran,IT,Manager,Low,9.6
0d59699f-3b3a-4c6a-b7be-0a71d5f800d3,Lisa Sanchez,Sales,Lead,Low,10.7
d65a1a05-069d-4118-9872-be78ec3306d8,Renee Long,Finance,Lead,Low,1.0
57f275a5-7060-4d2a-a05b-db2831b92f73,Yvonne Lewis,Finance,Lead,Medium,1.3
0eef5660-3684-4df1-9575-20704b41cd6b,Felicia Ramirez,IT,Lead,High,7.3
0a93fe5a-ecb2-4e5c-865f-5d118d05c1b8,Dennis Fuller,Finance,IC,High,8.7
5646cdc4-f059-4b60-8088-dbbccc8cb093,Mr. Craig Green II,Finance,Manager,High,2.1
3be0da53-2be9-4404-a89c-0a5eb809dae7,Kim Parker DVM,IT,Manager,High,8.1
113a9e02-987a-496d-a47f-795ead75bc96,Jose Kerr,Ops,Lead,High,5.7
68af09b3-0216-41f1-9ae7-51cb0ab22c4f,Michelle Patel,IT,Lead,Medium,7.4
bf022943-b130-4811-92ce-3ac8e472bcd6,Phillip Brown,Finance,IC,High,3.0
f13e2a4f-0a69-4a8b-abc9-031b360a87e7,Mr. James Mcdonald DDS,IT,Lead,High,11.2
325941e7-a331-4993-b196-223f2e7331fd,Shelia Smith,IT,Manager,High,6.3
fe0509d0-23fc-4eb2-b545-9466559f09d8,David Watkins,Ops,Manager,High,6.5
71f6ce76-9128-4b8d-ae10-18f89c42f671,Danielle Reynolds,Sales,IC,Low,8.7
70497727-a3d3-4dec-9cd2-9c99a3dd6013,Kathleen Robinson,Ops,Lead,High,9.2
7cae6389-73e1-4d2d-a73a-e168366d4ea5,Misty Miller,HR,Manager,High,7.8
0eba0c81-586a-4d9e-a805-f12beef8d8bd,Lori Allen,IT,IC,Low,3.5
405f237b-a836-49d5-9420-a88ab75e5b46,Laura Howell,HR,Lead,High,11.7
8b47abe9-d2aa-44b7-8aec-47b2186b0daa,Pamela Gibson,Finance,IC,Low,2.9
6258a7aa-6275-4555-bbb7-073faa6f934e,Victoria Jacobson,Finance,Manager,Medium,6.8
0477fc3a-e21a-470d-a35f-f908524211a0,Lisa West,Ops,Lead,Low,8.2
8f2098af-931a-44b8-a984-cf961f8b24be,Alicia Martinez,Sales,Manager,High,5.1
bbcd0bd9-e698-4a00-ba6f-ad5b46d583c2,Rebecca Hawkins,HR,Manager,High,8.1
81cb761e-8b68-4f2b-86c6-d1c1888f461f,Stacey Dixon,Ops,IC,Low,0.7
851d6afa-cc38-43ae-9a1f-b5b77470d584,Charlotte Smith,HR,IC,High,6.2
000675ed-144e-4d25-b9d0-431154e38e07,Jesse Sullivan,HR,Lead,High,4.2
b4971bbc-68cf-4f41-a7a4-64f01ca0a29f,Willie Bentley,IT,Manager,High,6.9
7960c16e-6cc6-46ca-aa43-b5f7af3775b9,Michael Burns,Sales,IC,Low,8.9
f54b0f36-6cac-43b8-a2af-c4a9a7ee3153,Glenn Montes,Ops,Lead,Medium,6.0
e28f1110-bd48-4e70-88a9-180b768168f8,Theresa Roth,IT,Lead,Medium,0.7
fb2f4773-dd12-4109-bc84-8ae21a38078e,Kevin Jones,Finance,Lead,High,10.6
b7555f3c-f729-4dd1-950a-b411c4c99246,Christopher Carney,Ops,Manager,Medium,6.7
c6fc6cc3-c9d4-4636-8569-74aad018189f,Steven Martinez,IT,Lead,Medium,2.8
b372f4a1-e413-401b-9ca8-eeda965dd480,Michael Adams,Sales,IC,Low,2.7
7556f26f-48df-40ed-b5fc-190f4f086c3c,Ashley Adams,HR,Manager,High,10.8
6467af38-08c2-42c8-a30d-51d4b58a4cdd,Jodi Hill,Ops,IC,Low,11.1
b499f846-bd69-4be7-b194-38547f93a33e,Cynthia Nash,IT,Manager,Medium,3.1
fd808e41-2675-46db-9dec-c7995f69e721,Matthew Sharp,Sales,Manager,Low,1.2
403b3a43-54d0-4277-82c9-b02b0bc52c54,Stephanie Bell,Sales,Lead,Low,1.4
aba2fb39-fde9-4f74-84b5-9e8947f8acf0,David Harvey,Sales,Manager,High,7.5
04b27061-f61d-44b9-8f09-b321f436c5ba,Norma Fletcher,Ops,IC,Medium,5.5
6a50b131-f868-43df-8ad0-b15a09031cae,Lauren Jimenez,IT,Lead,Low,8.1
3e30e95f-f01c-4932-adb8-02a4a5dd9fbb,Amanda Hall,Sales,IC,Low,6.7
3748ae65-fd0d-4b14-a8d5-d36a9429cb80,Zachary Davis,Ops,Lead,Low,1.8
a8120c1c-da40-469b-8187-6bf63bb28fbb,Jessica Cook,Sales,IC,High,4.6
b358b599-55bf-46fe-af9c-b3a3b4b3ae29,Kimberly Walker,HR,Lead,Low,9.1
438f11f2-0070-41d3-84fb-ae88c7233d52,Lauren Berg,IT,Manager,High,1.2
8ecce7dd-805d-4028-870d-64a00bf820fb,Deborah Harris,Ops,Lead,Low,1.8
61d66cd3-de8d-4870-a8da-fc2d5f7fd7e6,Mark Davis,Sales,IC,High,0.6
6a4a3695-ff0d-479c-8d95-afb83b3bbbd5,Kristen Keller,HR,Manager,Low,8.5
16f27911-7be2-40a0-a5a0-e78de9b05149,Jared Fernandez,HR,Lead,Medium,9.1
e68cb301-b020-4b24-b1c0-35d7020293e7,Derrick Rojas,Sales,IC,Low,10.8
5ae54f67-4724-494a-a91d-59c29cf30a7c,Jody Gill,Sales,Manager,High,8.5
ffc1523c-b890-4bc0-8c61-48e93da4bd27,Joyce Henson,Finance,Manager,Medium,9.3
0de72b93-647c-4d01-9dfe-fe38a85b03a5,Stephanie Hamilton,Ops,Manager,Medium,2.4
cda9036d-5bbd-4373-9399-d8f7dda75615,Mackenzie Jackson PhD,Sales,Lead,Low,4.1
7d13230c-744b-4b7a-92bc-c19429ea63b4,Elizabeth Winters,Sales,IC,Medium,8.6
73b580b6-39ab-4153-aeab-164b973b99da,Diana Freeman,Sales,IC,Medium,11.2
e760e53b-de09-46aa-943e-ff2d8a11ca01,Susan Cook,Finance,Lead,Low,6.8
372d65b0-1877-4e5d-aab1-19946dbfe510,Mark Le,Ops,Manager,Medium,6.5
e307e093-48c7-41a8-bb6f-83ce1de7e8ce,Tamara Castro,Sales,Manager,High,6.4
2c14cec6-97ca-42ac-9f14-a232049ae189,Dennis Hernandez,Finance,Lead,Medium,1.3
8780104d-4237-4dcc-bc1f-ec5320077fdd,Miguel Perez,Sales,IC,Low,2.1
1152b254-824d-4714-8aa7-8fa0c460e299,Julie Cameron,Sales,Manager,High,0.8
bb0d8d7b-4071-4354-8255-dffd9f10ee37,Rhonda Medina,HR,Lead,Medium,10.1
67e02c7b-56df-4cf8-8b89-b73a30f994eb,Robert Roberson,Ops,Manager,Low,5.7
ba773c92-0984-4912-957d-b5dd60e8087f,Joseph Davis,Sales,IC,High,6.2
205081fd-1780-4622-bbda-d9b6126894e2,Deborah Scott,Finance,IC,High,1.4
1938443b-4f7e-46ae-aa31-82383829b788,Kimberly Elliott,Ops,Lead,Medium,6.4
4c47dffe-d377-417e-92af-365a2352f5b5,Caroline Sharp,Sales,Manager,Medium,4.8
24c9ffa8-d8af-44e3-ad00-727adb658b6c,Julie Smith,HR,Lead,Low,2.9
69bbfc08-871c-48c1-97cd-d1636c1fa990,Chad Wilkinson,Sales,Lead,Low,7.7
6818d5dd-907b-4dc1-9ed0-ac5df2533f04,Christy Nelson,HR,Manager,Low,6.8
1436534b-7e5b-48c0-9b43-e60193963288,Barbara Griffin,Ops,Lead,High,7.1
6509d8ea-21c9-4ac0-857d-b7d2ce120b8c,Timothy Cook,IT,Lead,Medium,5.6
07b49da2-05fc-4977-9693-5f923b0c1a68,Kelsey Carr,IT,IC,High,1.9
a897faf9-b1d8-4162-83be-c1359254eb13,John Lynch,Finance,Manager,Low,12.0
907ae430-09fe-4aae-a6be-cbcb28da9e55,Adam Mendoza,Ops,Manager,Low,6.3
d4689a2f-a46b-483e-bce9-472746ca3397,Debra Mclaughlin,Finance,IC,Low,6.3
5e2aad6a-3f32-4560-be52-bb3846e4aa35,Connie Daniel,Ops,Lead,High,11.1
0d17e7f6-df5a-47af-857e-345a9bb1ad79,Michelle Nash,Finance,IC,High,3.8
06c163df-5c08-4af2-a2a2-d20101317aac,Jamie Smith,IT,Lead,Low,7.4
9d332fb5-1fc9-41be-8924-b6e965215217,Richard Wagner,Ops,Lead,Medium,9.9
770a6900-0515-465b-a9d8-2069d57ec69d,Laura Crawford,Sales,Manager,High,11.6
b6a90034-a692-4120-bfd1-077f66bc54ac,Michelle Walker,HR,Manager,Low,2.7
ca1eb271-b9d0-45bf-b300-b46d542417e6,Tom Velazquez,Finance,Manager,Low,1.3
eb80d4e7-9897-4304-9e51-8fd2f099a3e1,John Medina,Ops,IC,Low,8.5
c1c787b2-b6e0-40f3-b223-47bd9d17822b,Lisa Odonnell,Finance,Manager,Low,4.7
648c8b83-96e6-4247-bfb7-085f127c4982,Mr. Brandon Osborne,Finance,Lead,High,8.1
5fe1793c-392d-44cd-8959-31cf1069a6aa,Crystal Davis,IT,Manager,High,10.6
a308f7dc-b608-44de-99fe-8acef594669a,Sarah Wright,HR,IC,Low,11.1
6f70fd82-b72b-4f39-83d3-4e808a9f2ed9,Kyle Villa,HR,Manager,Medium,1.0
12a69e9b-f848-4409-b0be-720e60869675,Abigail Sanders,HR,Manager,High,3.5
69db4f07-f461-44d3-b730-7c48e1aab430,Peter Livingston II,Ops,Manager,High,0.8
f5947198-58ea-4c1d-83ce-ee67e3da1f65,Carrie Blake,Sales,IC,Low,9.4
b5337387-a7b6-490e-a97d-cbce1604de8b,Stacy Taylor,Finance,Lead,High,3.6
0dcc41c2-b16f-4f26-8fd8-ae53276dfc44,Brett Williamson Jr.,Sales,Lead,Low,1.1
e727f654-def9-4078-9b79-0c1907d25e21,Todd Moore,Ops,Lead,Medium,4.0
95fc9213-c72f-4c2f-baf2-0061be45f5c3,Mary Rogers,Sales,IC,High,1.3
7f78f226-77a0-4183-85dc-176feb6a4060,Morgan Smith,Sales,Lead,Low,5.2
a09f8026-4ddd-480f-b2f6-aa45dad8249b,Amber Patel,Finance,Manager,High,6.2
0516b439-336b-41c6-8543-1303708491ac,Amy Curtis,Finance,IC,Low,4.4
798209b1-917b-4673-8789-b8f94e207ffd,Andrea Peterson MD,IT,Lead,Medium,8.2
c0d256b3-f814-4a40-8335-42f5962efaed,Christopher Fox,IT,Lead,High,8.3
99eb2377-1ac9-4329-9480-cb786b5e3f9c,Jonathan Higgins,Ops,Manager,Medium,6.8
80e97fe8-8317-47e8-82d7-2f1c848ef7a2,Daniel Lopez,Sales,Lead,Medium,11.4
463de709-5074-4152-bc44-8a9c638757b4,James Bird,HR,Manager,Medium,7.8
b906e821-84fe-4489-bb02-9ffe6ef5648a,Kathleen Davis,Finance,IC,High,3.4
62dd841d-536c-4732-b468-3cfe9a9d45da,Maria Brown,Sales,Manager,Medium,2.8
e916dc78-71d1-4a8e-bf92-68765098bfc0,Jordan Munoz,IT,Lead,Medium,1.2
77497675-5df9-461d-a3ac-123a0f834bc7,Paula Goodman,Finance,Manager,Medium,7.6
f6f67be9-3f7b-4949-8b18-2e0623008d6b,Courtney Wilson,Ops,IC,High,6.3
a56fe53d-6303-4e59-bab4-4a62f0dd68c3,Jerry Bennett,Ops,Manager,High,10.4
ccd09767-a1b9-47cb-81b0-f53c8994ae19,Linda Adams,IT,Manager,High,5.0
60fbca82-21fd-4e25-9b6c-0314e650d2e1,Dakota Martinez,Ops,Manager,Medium,1.1
0baa9338-cd1c-4c5d-9529-cd95c1f630a0,Julie Montoya,Sales,Manager,Low,11.6
f994f448-1b80-4bd4-bc78-af8c4e28c311,Mark Jones,HR,Lead,Low,6.9
d5946db1-1ab5-4a52-9483-ddbb7b47e44e,Benjamin Hughes,Sales,Manager,Low,9.4
e7886b5c-8c21-4315-a568-597f4319b5fc,Mrs. Kimberly Daugherty,Sales,Lead,Medium,6.7
b15e53c9-27d9-4bd0-8cd2-01022716f3fe,Rachel Obrien,Sales,Lead,Low,7.8
1d751ff0-d817-4ab6-b6b3-a32c565e7a40,Gregory Larson,Ops,Manager,High,9.2
5946d6f0-9b52-4819-bf46-82fd13a53def,Michael Stanley,HR,Manager,Low,11.7
91444feb-a492-4fbd-bf2b-9ac1acb0deda,Heather Carter,Finance,IC,High,8.0
7ebd8985-4e33-4c3d-b24b-5ecba5927510,David Goodman,Finance,Lead,High,4.4
e49fa99b-1fbc-4c1f-bd24-1f2aa4c99a6d,Latasha Johnson,Finance,Manager,Low,6.5
46c24174-009e-4dc5-8d73-d82da50a19aa,Lisa Butler,IT,Manager,Medium,3.9
550849df-c9e2-4aee-aba4-8a970e5d6848,Meredith Brown,Sales,Manager,High,5.3
146ff426-c273-4c9a-a4ca-20167e9dc912,Richard Obrien,Ops,Manager,Medium,2.8
5a940621-7fa0-484e-b0eb-b7cc82185212,Jordan Kim,Sales,Lead,Low,4.8
9ae7ba35-cf52-4e0d-881d-0fdae9f5815d,Benjamin Nelson,Ops,Manager,Low,11.8
5239cc75-56c6-4ac0-9c56-2e7f7d3f94bc,Donna Merritt,HR,Manager,Medium,9.6
ccd6a4e2-ee6f-4870-b45a-89a2458a247a,Miguel Reynolds,IT,Lead,High,11.4
b354bd8b-7884-4a17-a91e-9b55a4497a65,Jose Davis,Sales,Lead,Medium,1.0
a025ff0d-ed50-4b33-a3d1-81884511b1a9,Christopher Baker,Sales,Manager,High,3.6
e224e1a0-0d89-481d-b40e-438aa898cc2c,Cathy Mclaughlin,HR,Manager,Low,7.2
f7245a76-22b0-4e5b-87c7-ee2731f35c81,Michael Cox,Ops,Lead,High,2.7
0fce2f82-437c-480b-bf65-0783ac798845,Leslie Morgan,HR,Lead,Low,6.0
18791bb1-5d04-427e-a5a9-bc97aff46c4d,Joanne Martinez,Sales,IC,Low,10.6
dfb113c0-7390-482c-8b47-aac263161f9e,Amanda Jackson,HR,Lead,Low,9.5
ee20807e-0265-432a-88b0-fcfa9f5c540c,Monica Hernandez,Ops,Lead,Low,1.6
94031258-d1fb-4abc-86bb-bdb2367f1895,Sean Evans,Sales,Manager,High,4.5
0d083e81-baf0-4255-97b0-9b39dcb93aad,Jeffrey Brooks,Finance,IC,Low,0.6
887f1e43-2ac0-4098-960a-5556761b8a6d,Danielle Brown,IT,Manager,Medium,10.9
91f3cb82-7ec0-435f-a056-a407f3caedfb,Mr. Brandon Castillo PhD,IT,Manager,Medium,3.9
51141702-7650-43db-879f-5212405b019e,Jeremy Olson,Sales,IC,Medium,8.8
710e60f1-f4dc-4086-9c71-5e39e80c0221,Tiffany Webster,Sales,Lead,High,5.1
655fc457-174b-46e6-891a-cc2de9d3d10f,Andrea Ball,Sales,Lead,Low,3.2
0b805c7c-79c3-4415-8eab-12e5abf85591,Stacy Bradley,IT,IC,High,7.4
2a41cc3f-5fd3-407a-a12a-075051412f1e,Sandra Eaton,Ops,IC,Medium,2.0
54a64b0d-dcbb-43d8-b1a4-190240911ef2,Cole Wright,Ops,IC,High,5.4
4efdcde8-0fb2-49e5-9d04-48c79489e83f,Adam Morris,Ops,Lead,High,0.6
686135df-f659-4d43-9b1a-9da4c8bcaaae,Charles Nicholson,Finance,Manager,Low,5.2
60563e5f-9eab-42ac-b19a-21e786400f39,Sean Lindsey,IT,Manager,Low,9.1
954faccf-e7b9-46dc-a1ce-89897d5de9b7,Charles Jones,Ops,IC,High,10.0
e60b9ed0-621d-45e0-acdb-f99b7c4419d2,Amy Walls,Sales,Lead,Medium,2.5
22872a0c-7173-4183-b30f-14181d15a18d,Candace Little,Finance,IC,Low,11.6
ea7724db-caa2-4f39-98eb-4412cf33de77,Amber Rojas,Sales,Manager,Low,9.7
668f2318-e543-48eb-96f5-6c23ad37e12b,Anna Aguilar,Sales,IC,Low,6.2
50f7237b-cfb7-4f46-8554-1563c56245b2,Derrick Johnson,Ops,IC,Low,6.7
75d049b0-a47d-4337-9a7f-41eb0f7abcfb,Dennis Sanchez,Finance,IC,Low,1.4
31c2721e-9080-4aaa-b65c-59348e923944,Lori Taylor,Sales,IC,Medium,4.2
2d38f85d-1836-4f21-8976-3192090e84fe,Claudia Fisher,Ops,IC,Medium,3.1
563c665f-9247-4421-aee8-948775ad5fd7,Christopher Thomas,Finance,Manager,Medium,8.9
4dae99c2-9da2-4bb5-82e1-fb570bd40401,Lori Conley,IT,Lead,Low,10.5
6db9ce39-5db4-4a1a-8604-7b0553757d14,Mr. Richard Frey MD,Sales,Lead,Medium,4.9
f8cd4423-8fc5-4b10-a7ab-7f571433886d,Chelsey Frazier,Sales,IC,Low,1.9
47846b69-1aa4-47dc-9983-cf37c660542a,Ethan Hart,Sales,IC,Medium,5.8
a740c318-bcde-4767-9db7-fda0a692f501,Charles Hawkins,HR,Manager,Low,10.8
8e71cff5-c1cf-40f3-a9f8-98004d028b09,Chad Dominguez,HR,Lead,High,10.2
6a247c51-e5fd-405b-a4a3-baa8d1d3aa20,Joseph Scott,Sales,Manager,Low,10.6
885e352a-234e-4a28-8967-d29e79ae31cb,Cynthia Chapman,IT,Lead,Medium,4.8
9093a721-813e-4dce-bc7f-c6dbc977c336,Benjamin Taylor,Ops,Lead,Medium,1.4
b641ea98-2954-4e3d-8dbc-e31eaed65131,Patricia Lee,IT,Lead,High,6.0
a9ff2584-6d46-4f52-8522-51a6473fbb8a,Melissa Bartlett,HR,Manager,Medium,8.0
7532bd92-756a-4f28-b17e-8502c0aefea2,Kent Reese,Finance,Lead,High,6.9
91c50f22-1e8f-4741-bf5e-42d889005112,Michelle Morse,HR,Manager,Low,10.8
a88dec87-052d-4605-a5d1-fad0bc2ea222,Jasmine Hoffman,Finance,IC,Low,9.1
b955e410-b3b1-4042-8fde-7d21c8ad31bc,Kimberly White,Sales,Manager,High,4.8
2f471ee5-b0f1-4686-8e91-d783e57dd32f,Elizabeth Wolf,Sales,Manager,Medium,7.3
a7df7d8c-dddd-4380-97cb-4e9259346f1d,Thomas Flores,Finance,Lead,Medium,2.8
b0d289d6-dd63-4d14-9af6-f66715c74111,Sheila Anderson,Ops,Manager,Low,6.2
824d301f-df9f-4282-90e6-1919e9cd641d,Sarah Johnson,IT,Lead,High,1.1
f064e7fa-1f9e-4ee3-9046-7e784689f339,Frances Andrade DDS,Ops,Manager,Low,10.5
92bcbfb1-b052-46e8-8367-79504fa40984,Mike Cabrera,Finance,Lead,Medium,2.6
a5860fa2-7653-4d1f-872f-dc8477a783fd,Henry Richardson,HR,IC,Low,5.4
7cbb0f9c-f9b1-49c0-a575-2f8ec002607d,Robin Carter,IT,Lead,Low,3.6
661ec1cd-ed68-4344-947b-e23c3c9b7801,Mark Griffith,Sales,Lead,Medium,11.9
24c80827-f499-45a7-9174-58a289de70fe,Cory Weber,HR,IC,Low,8.6
1456a55a-27b1-43ad-ae95-508bfc410def,Dr. James Hays MD,Ops,IC,Medium,2.5
abaa99bf-1d5b-4190-958c-16dc9bb2f2e2,Melissa Gamble,Sales,Manager,Low,3.7
c4e6b000-1d87-4f10-8605-f364f8d0db6e,Cindy White,Finance,Lead,High,8.6
e35b68b8-7b76-48a9-aca9-2bcf51ab4d2a,Timothy Lewis,Sales,Lead,Medium,8.1
39550465-f85e-45b2-82de-7b6bdce9725b,William Miller,IT,Lead,Low,5.3
af7f5225-a327-496b-aa68-ec6a240e14be,Bianca Perez,IT,Manager,High,4.1
34c59cd0-ea97-4056-8e07-00f66cd4aa73,Rita Hayes,Finance,IC,High,9.9
170821d6-851a-457c-ad8c-315972097d09,Jennifer Harris,HR,Manager,Low,2.4
ad9ad0d3-e691-4ee6-8bbb-9adcfe7343d3,Jonathan Brown,Finance,Lead,Medium,8.8
a8ec844b-d0b0-4612-8426-fe787cd485b9,Miss Robin Osborne,Sales,IC,Medium,0.9
323fa6b8-ef59-4c50-8a57-45ba8f8e2750,William Gordon,Ops,Lead,Medium,8.7
32e60ac4-fc3f-4dd3-a054-19506b07cf01,Julia Shelton,Ops,Manager,High,0.7
7be88a92-4bc6-41e7-9b42-1b584ad6f6e9,Trevor Jimenez,Sales,Manager,Low,8.9
bd2e986d-9c6f-42d6-859d-0eb8384e8adf,Andrew Mills,Sales,IC,Low,10.8
5961d962-73e6-4664-8f9d-c0e3938f6f51,William Cruz,Ops,IC,Low,4.7
19bf4de9-d545-4b08-bc53-b7d1435eb6d9,Thomas Glenn,HR,IC,Low,8.5
df0f189a-c06a-488d-a9dc-320956ef30e4,Francisco Dillon,IT,IC,Medium,1.3
e796d8b7-e515-4476-8e39-d127eada6409,Gail Vazquez,HR,IC,High,2.7
b003ce13-388b-4bf6-b37c-63130eb8bf83,Melissa Williams,Finance,IC,Medium,11.6
f406fb7e-531a-45e0-ae92-27ed59e74130,Michael Weaver,Sales,Lead,Low,7.1
7cadce0e-8c60-4814-b5b3-e975e8b34806,Julie Brown,IT,Manager,Medium,1.5
b6a1876e-57b8-4f55-973d-9b6138e1410e,Phillip Martin,Ops,Lead,Low,9.1
6f866312-6480-4532-877e-b1cbfeb186b1,Joseph Russell,IT,IC,High,9.9
7390faec-fb2c-4c49-8757-674b58be26ed,Elijah Jackson,Ops,Manager,Low,8.2
2b24b969-32be-40ac-ba04-45676bb15505,Beth Buchanan,Sales,IC,Low,3.0
0fa27c56-b68c-4168-ba1d-bab5822ffc34,Ronald Jordan,IT,IC,Medium,4.5
d335df88-bbea-488b-822c-3edc644b080a,Kelsey Gallegos,Sales,Lead,Medium,4.1
9693fcb0-1e20-458b-b627-1539235df23c,Tina Jackson DDS,Sales,IC,High,2.9
8d817190-58a2-4770-a8fd-d82c1b97f529,Charles Wilson,Ops,Lead,Low,2.7
3f897484-d6c5-4aee-99fa-6913c7685ad2,John Morgan,Ops,IC,Medium,8.9
704bd036-c4c5-41c9-938c-ec673672f7ab,Kathleen Saunders,IT,Lead,Medium,0.8
fc2aa480-bc98-42b4-9e35-09a3c008840f,Robert Davis,IT,Lead,Medium,8.1
b2c26f49-a9cd-46bf-8cde-83f10128888c,Jeremy Thomas,IT,Lead,High,7.5
dd8f7dc9-724d-44d5-bbb1-8730fed65a58,Mark Gibson,IT,IC,Low,7.2
d1605475-ba32-4345-b0f0-b142c93b953e,Rodney Tapia,Sales,IC,Low,2.4
9aa36be6-a561-445d-aff6-5b621cdba487,Casey Saunders,Sales,IC,High,1.3
0a6ad90c-3bdb-44f5-aeaa-f787aad96f97,Tiffany Salinas,Finance,Lead,Low,2.7
67b9652a-561e-41e8-b031-5177ae861976,Devin Harris,Ops,Manager,Medium,3.2
b838d816-fb8d-4dd6-bf38-21c7574b3bad,Loretta Fisher,HR,Lead,Medium,10.0
c558b0a8-ed86-4117-a15c-a957411831a4,Jasmin Chavez,HR,Manager,Low,8.0
1893cdde-8716-49b0-a8a6-60bb51c58b76,Joshua Evans,IT,Lead,Medium,10.5
a79cc0af-1bca-48ff-b9e6-36617d2ba112,Austin Zuniga,IT,Manager,Low,4.0
3fd399c7-b845-4bf1-a4de-19c4e2ac8db4,Tracy Valentine,Ops,Lead,High,2.8
143b61eb-f486-43fb-8896-5bc24573a227,Stephen Rodriguez,HR,Manager,Medium,11.9
e985aad7-d567-487a-89e0-94061817d4c3,Andrea Conner,Ops,IC,High,3.6
5f1f039d-aed5-4c65-bfc3-527d828e4f99,Alexis Frazier,HR,Lead,High,6.5
cf83fcb0-7f6a-4ac6-ae60-b312bcb304c0,Derrick Stewart,Sales,IC,Medium,2.7
542b482a-6bf0-4197-b161-187225b41770,Meghan Alvarado,Finance,Lead,High,0.9
5e99bc94-c858-4555-8d52-140aebde68ad,Joseph Shepherd,HR,Manager,High,8.7
abcc6751-5982-4758-a2df-080c474046fe,Ashley Thomas,IT,IC,Medium,6.5
ba153aa5-85b0-4c19-9f73-922f80e6cebb,Jessica Young,IT,Manager,Medium,0.9
503dcdb6-1615-4faf-b024-741f9dc95e03,Betty Wright,Sales,Manager,Low,11.9
df9d07b7-7bee-4072-b26b-e6fa0230dd5f,Deborah Henry,HR,IC,Medium,4.1
84aef0b6-51d9-4266-95e5-dd04a9884f2f,Cindy Perry,HR,Manager,Medium,10.1
b0deb793-76c9-4b62-9a2a-5ff83aabfe4b,Brenda Johnson,Finance,Manager,Medium,5.4
987856ed-2553-465e-b9df-ae4391535742,Angela Walters,Sales,Manager,Medium,11.4
94936cae-bf7a-4e51-ab1a-8c9010bacbbd,Dennis Bennett,Finance,IC,High,2.3
1861233a-0a42-4e9c-b1ae-35411f245a65,Jordan Schaefer,HR,Lead,Low,7.6
8d103364-f7a2-4d5e-a9b2-351e72967069,Steven Simpson,Ops,IC,Medium,11.0
608badf2-1daf-4c0e-8df6-f4e237a6f875,Cody Myers,Sales,Manager,Medium,3.5
d92a9b4d-6d60-4fdd-bd31-7007b699e7a9,Sean Allison,IT,Lead,High,2.7
82a72d4a-38d2-4640-8cf3-a8f38b199cef,Lisa Wright,Finance,IC,Low,8.6
145cc609-4a18-4a82-8f51-13c82e223a67,Melissa Bishop,Sales,Lead,Medium,1.9
5a32e4bf-83ae-4d4d-8178-9fa58c38b4eb,Timothy Nguyen,Ops,Manager,Low,7.2
9fe2294f-6057-43c0-82ed-f5b98f87329b,Zachary Walker,IT,Manager,Medium,6.9
d4a5c8fd-668d-42e5-b3f1-a85497a622e8,Brianna Delacruz,Sales,IC,High,2.2
31b3ec10-df99-413c-815f-065b5064fd5b,Katherine Andrews,Sales,Lead,High,2.6
f0dc50b5-ecfd-4cdf-91eb-7f31e2b5f763,Carrie Riley,Finance,IC,Medium,9.9
0822d0fe-b546-4717-807e-ef852d563e3d,Kathryn Thomas,Finance,Lead,High,10.4
81d16e77-dd5b-4574-a3ec-ec9c62940321,Robin Perez,Finance,Lead,Medium,4.4
f0a45052-1504-44dd-a54b-83c8ee8f7353,Carrie Gonzalez,IT,Lead,Low,7.9
e671a37e-1403-4a98-b06b-2ab64824b2c3,Michael Briggs,HR,IC,High,1.1
d21a896e-3a70-4407-bafd-041a73263734,Michael Burton,Ops,Lead,Medium,11.2
b558db09-d22c-4eeb-bbdc-99ba6221bb3c,Brian Smith,IT,Lead,Low,9.3
584813e0-e89b-4e27-b6d2-1e39ae464a71,Mark Johnson,Finance,IC,Medium,6.3
462b568b-7eb9-499e-8e26-3583c0f96192,Nicholas Patterson,Sales,IC,Medium,1.8
ca99cd2a-b4a5-40b9-94eb-2f2f036ca425,Laura Roach,HR,Manager,High,7.2
2b96c42e-c3ff-4317-b355-14fbd7ccba23,Katherine Chavez,Ops,Manager,Medium,2.4
68b0afee-b341-462e-80ff-22bf3d044c24,Christopher Medina,HR,IC,High,1.9
d78f5923-d2a0-406f-afdd-5dfb42c820a5,James Carlson,HR,Lead,High,4.6
7a6a9957-489b-40e8-a2e4-df3855c597a8,Marissa Smith,Sales,IC,High,11.8
75aaf1a1-9eb6-458b-8989-1138bd484834,John Price,HR,Manager,Low,1.2
c3f3ecdd-2dc4-49b4-b19c-b2090a591b26,Bryan Watkins,Ops,Manager,Medium,0.7
8421184c-8577-4a0d-84d1-7c194a3940fa,Jamie Gonzalez,HR,Manager,Medium,2.4
ca52daa9-2080-45a6-9aa8-35b74b9afd30,William Harris,Sales,Manager,High,2.9
fd4ab4bd-c31d-4453-8c30-76055a126477,Brenda Ruiz,Finance,IC,Medium,2.9
6ad4270f-cbeb-4baf-916c-ecf87c8d227b,Jason Lucero,IT,Manager,Low,4.7
4bdd3b30-b42b-4e08-a940-be83a0b2cc5c,Corey Payne,HR,Lead,Medium,5.7
b472a6e6-7b17-4d14-a239-a3f3f4c5d8f2,Rose Lopez,Ops,Lead,High,10.8
44875f10-e5b0-4427-9b64-60e07d7700d6,Shawn Barrera,Sales,IC,Medium,7.0
390f2337-4c41-4636-8533-ca2cad7881ff,Jamie Meyer,Finance,Manager,Medium,11.0
0dc6969f-9003-4c87-b837-4c0760899425,Danielle Myers,IT,Manager,Medium,7.3
be2677f6-b336-41f5-92a4-33aaa1ae5a4f,Gary Wright,Sales,IC,High,5.3
fb29a169-22d6-4c56-90d6-c093a790c20f,Devon Phillips,Finance,IC,High,6.5
2f4de44d-2384-4dc2-b062-28d247ece2e8,Christopher Robinson,HR,IC,High,1.5
465a887e-23b0-4358-8997-8b54c6d76a34,Paul Gibson,Finance,IC,Low,11.3
5aea4b68-9da8-4a39-931d-8e6e7a3f86d2,Jeffrey Novak,HR,IC,Low,5.9
ba2dc800-80ca-4e67-ac25-8352d11611d9,Charlene Garrett,Finance,Manager,Low,9.2
8fd43400-2c60-45ff-8fbb-c5d60d554aa2,Jason Thompson,Ops,Lead,Medium,9.9
532f95b2-b6cd-46bd-8506-09f2a54470a2,Ashley Cohen,Ops,Lead,Low,1.1
f9e22a31-a9df-444d-9a9b-806dadabba44,Alexander Hill,HR,Manager,High,9.0
823ca917-b82f-482c-a660-c7485e047ecb,Abigail Patel,Finance,IC,Medium,1.6
c59c3990-523b-47cf-b53c-78d15684eae4,Douglas Cooke,IT,Lead,High,4.4
61a0c1d1-9739-4693-bdbd-d0a7afee8bc2,Rebecca Wise,HR,Lead,High,7.3
5b2aaf04-eeee-476e-8c24-01686a602b79,Richard Barton,IT,IC,High,2.6
cbd1a781-5035-413e-a322-b5367ccaac9a,Mrs. Cheryl Hernandez,Sales,Manager,Medium,6.5
de760e3f-5f92-4e89-9d31-489ab42efc42,Gregory Brown,IT,Lead,Low,4.0
1d8d56a5-aed8-4fa3-ba87-bf9900743a57,Shawna Lewis,Sales,Lead,High,3.1
9e3e2bcc-54fa-4381-8b80-35905778495d,Jose Potter,Sales,Manager,Low,9.3
9690f1b9-6f30-432d-bf05-6ae02ebf047c,Wesley Craig,HR,Manager,High,1.1
41967e81-4aa2-4088-b0b0-228b62f18f9c,Eric Smith,IT,IC,High,10.0
ab5a679c-c595-443a-a886-5011e4333e56,Travis Adams,Ops,Manager,High,4.1
88ca36f4-5b84-4ade-8656-638d7927e8a8,Dustin Lynch,HR,Lead,High,1.8
fbc33e97-231e-4849-b247-f2abd3b3ecd8,Alfred Davis,Ops,Lead,High,8.4
d66b8651-b43e-4478-a9cf-c1702f7c3660,Christine Lambert,Finance,Manager,Low,10.4
6380824c-e310-4f38-8851-6a6c88fb4ee9,Lauren Watson,HR,IC,Medium,1.8
30e2541e-d104-419c-9ab4-a5941f491e55,Nancy Welch,Sales,IC,High,12.0
19e4c864-f3ae-4392-b7ca-8f2f48d8ab72,Tina Goodwin,IT,Manager,Low,3.1
60c77421-fb46-41a9-a8d1-8b1deadc3a4b,David Kelley,Ops,Lead,Medium,1.4
a982fde7-785c-4f62-800e-80f50592f85c,Stacey Gonzales,Sales,IC,Medium,5.6
fb83e376-2deb-4e30-9367-d3aa2d11eebd,Marissa Webb,Finance,IC,Low,0.9
1ecaa28b-7e91-445f-a291-802ce752e6e2,Austin Pratt,Finance,Lead,Medium,11.2
390f4285-cc62-42ec-97cb-f051053a2cc7,Kevin Hampton,Finance,IC,High,7.6
55f07af8-fc95-417e-8da6-284f46c1fa58,Mary Peterson,Sales,Manager,High,7.5
00e1dc79-b9c4-4bc9-a7b9-67735545cc3c,Matthew Bruce,HR,IC,High,11.2
9cc954a2-8a34-4cac-b405-6e52266d5e87,Angela Levine,Sales,IC,Low,8.0
9fc6428c-25dd-4f64-a7b8-af1e45fc1c7f,John Bauer,Finance,Manager,Medium,3.0
66001811-ee67-4b50-962a-2df3926eb2d9,Cindy Roman,HR,IC,Medium,3.8
ff329724-f880-47d4-a9a3-d46dd6625245,Brian Holmes,HR,IC,Low,1.2
9dd9a6b8-fae6-4be3-985f-057e87fea5ee,Mark Wallace,IT,Manager,Low,8.5
ca6d4c67-e4b8-48ec-9076-9ae8c9e41fab,Rachel Velasquez,HR,IC,Low,2.2
91ec37dd-2493-473b-a331-43191cbaa8e8,Jill Wilson,Sales,IC,High,11.1
e261cf2b-b58d-458a-84a6-7ae231f711c2,Sara Wise,Sales,Manager,Low,6.5
6507eba0-232a-4a86-a5a7-8c1ead49bed9,Heather Taylor,Sales,IC,Low,7.3
3de5fce2-f957-479b-82db-39f159b4475b,Tracy Ramirez,HR,Manager,Medium,10.9
134c0bc2-8497-4159-ba8d-275c862ab85b,Franklin Golden,Finance,IC,Low,10.2
d5698e9f-f854-42e1-ad24-642ab1209bdd,Deborah Stephens,Ops,Lead,Medium,9.6
576789a0-1f2c-45dc-9012-c409a955012a,Paul Nash,Ops,Lead,High,7.7
2be0c7d6-0e2e-488c-b484-1df7dd2d1321,Katie Davis,Sales,Lead,Low,1.5
b94f3888-6c51-4a60-8fff-7c5d379f5e0b,Jill Green,Ops,IC,High,4.9
58267a27-2078-4ca1-bd79-43f8da1dfca5,Joel Johnson,HR,Lead,Low,7.5
8e2694aa-731f-4015-9316-86ccd0ba5c14,Donna Howard,Finance,Lead,Medium,9.7
3d784e5b-caeb-4c44-bbd9-3ad5f6463358,Aaron Garcia,IT,IC,Low,3.1
6848bb51-0d7c-4b13-a049-84bd765e04d8,Ariel Collins,Ops,Manager,High,5.8
6e6a43eb-2d81-4f19-a25e-984dc32a8c6e,Roger Thomas,Sales,Lead,Medium,11.0
7b339be5-0eda-4355-9299-43b671ee60ff,Gerald Reed,Ops,Manager,High,5.9
d3cdc78b-2cf7-4a59-9cda-b9e09bc266ba,Mark Phillips,IT,Manager,Low,3.4
e3543bec-5f1a-4e57-ace6-e5b7242c5fd8,Joanna Mejia,HR,Lead,Low,9.3
31d0a40c-1a7f-4e98-9e10-658f2f6bf878,Kelsey Peters,Finance,IC,High,7.0
8f1a9be2-76b6-42a7-b343-2cef628a5823,Sheri Vazquez,IT,IC,High,10.2
62e418f2-6765-429a-a5b8-a1371919a152,Roger Jackson,Finance,Manager,High,10.2
9535546b-67d4-41b9-8aac-4eb1b8aaac5f,Jordan Shields,Finance,IC,Low,7.3
0f571de2-6fe9-4670-8670-4d8d07626c28,Eric Burns,Sales,Manager,High,9.8
6d821a2b-61d8-46ae-97dd-73fbc92c7c14,Christopher Lucero,Finance,Manager,Low,4.5
2ea04507-e80e-4780-855e-863504fb5de8,Daniel Price,Finance,IC,Low,7.5
efd6a83f-59b8-4cab-8560-d79188ce7513,Ronald Sanchez,IT,Manager,Medium,10.2
d9a25022-6eff-4a00-bca4-59f2f84789f5,Tabitha Garcia,HR,Manager,Medium,3.4
cf4dd1fd-3758-4392-b77a-35bd4611fb29,Patricia Robinson,Ops,IC,High,9.9
a15b25df-aa20-4d1e-afb4-0af6a4e68762,Diane Brock,Finance,Lead,Medium,8.0
72cb69b7-e53a-4ab3-a29a-0a87de0d5c49,Justin Wright,Sales,Manager,High,11.4
9c5c0c43-cb20-4062-8f8e-8557909370ff,Brian Carter,Ops,Manager,Medium,7.8
bfaa9da6-5c94-48d1-a767-b88486e83361,Daniel Parker,Sales,Manager,Low,9.6
253a1266-0125-43da-a53f-e260c59875c9,Samuel Chen,IT,Manager,Medium,10.8
1b49c724-0a61-48ee-9278-024363cfbb36,Patrick Goodwin,Finance,Lead,Medium,1.8
a49a50dc-089a-4aef-9e83-a17d0fc4c8e3,Johnny Burns,Sales,Lead,Medium,9.9
8213d777-df78-46f1-a1c1-46a1c0c61f42,Miranda Reed,HR,Lead,Medium,2.6
7c5ad0ea-6fbd-4d31-9f98-b1f8ab22598c,Karen Mayer,HR,Manager,Medium,1.9
e4b2c08c-8e76-425f-88ce-672acca198bd,Craig Smith,Ops,Manager,High,9.2
0aff4675-4b32-4231-b130-c4da2b7518a4,Seth Ford,Sales,Lead,Low,0.6
b711a52f-9c84-4e9f-b2a6-48f159ecd14e,Timothy Martinez,Finance,Manager,Medium,4.3
4debc496-0803-4acc-bb8e-f6d2f28e47ad,Richard Bennett,HR,Manager,Medium,11.4
d6111cad-9ec7-44f7-b413-7e775bd5f538,Jason Camacho,Sales,IC,High,2.8
5bdf9015-51cc-42d0-984f-31ab1935f104,Craig Allen,Ops,IC,Medium,1.0
8acdbb9e-8519-4920-8ecb-bfe3b65fd0c9,Jennifer Johnson,IT,IC,Medium,10.9
49521999-9c2d-4cff-9fc5-86e6865989b2,Adam Rangel,Ops,Manager,Medium,4.6
0dee486b-0be7-4e5f-9808-c6af8965d3a3,Megan Anderson DDS,IT,IC,High,0.8
8d531f50-56e4-45cf-97b3-1a5fab903efc,Dan Johnson,Finance,IC,High,6.8
03478588-2408-4363-a0a7-591431ba35c7,Paula Johnson,Sales,IC,High,7.8
67afae24-d508-4998-bee7-44b7378aab5c,Patricia Juarez,Finance,Manager,High,0.9
d265a137-670f-4cd4-bbba-b6c40dd580aa,Victoria Rush,Ops,IC,Low,4.3
f3431aba-fc9c-4dd6-bab2-30b53baa5a48,Shawn Hudson,Ops,Manager,High,9.6
0ed9b032-d486-4196-8efc-9f1b89cbb3bf,Jordan Juarez,IT,IC,Medium,7.3
b8fab10b-11ff-407a-bdcd-d07440a2ee71,Sara Lee,IT,IC,Medium,4.1
7f347671-689e-4ace-88a9-82c0df2b90c0,Jessica Sloan,HR,Manager,High,8.7
063364dc-bcd5-4f7a-b54d-759c98804801,Erin Fernandez,Finance,Manager,High,11.7
58d30541-ce7b-4716-b217-eb483af8e43d,Kelly Velez,Ops,Manager,Low,4.3
345153b7-c787-4480-874e-0d2444427ec8,Amber Case,IT,Lead,High,9.9
7c3557f0-05a7-4f30-b12a-6ac50560e8e5,Rodney Abbott,HR,Lead,High,7.5
c911554f-0ee3-48e0-a813-e8c0ea7bff94,Curtis Wright,HR,Lead,High,2.6
628c211a-b9d3-4c9d-9043-21324b13a80c,Craig Walters,Finance,Lead,Medium,4.0
c71f69f9-8dde-45a3-901f-87ebbc195cc8,Bethany Shaw,Sales,Manager,High,6.9
05879ea1-6324-4f39-88b6-7afbdea302e8,Sharon Mendez,IT,Manager,Low,7.7
9ee6bf35-7473-4d71-93e5-64dc9f706acf,Mary Miller,Ops,Manager,Medium,3.3
aaab8598-e726-49c3-beb9-1e06f0de56bf,Jessica House,Finance,Lead,High,5.5
6091da10-205c-48aa-95e3-a4230468f96d,James Rojas,IT,IC,Medium,1.7
f38e3158-b26a-4858-bb2e-90be558f736e,Jennifer Woodard,Ops,IC,High,1.1
f268a209-62ab-4cad-b080-4781438041a9,Brandon Ramos,Sales,IC,Low,10.2
e26ecc79-89c2-4ac0-8474-5d92a5c963a7,Colin Webb,Sales,Manager,Medium,1.1
f7a83588-72c3-4a97-8872-e973b0a5466d,Joshua Smith,Ops,Lead,Low,4.4
c2145b65-3218-453b-bb45-72335fd3774a,Craig Brown,HR,Lead,Low,9.8
389e32af-fdc4-426e-9f7d-e5aa9a7f7ce8,John Farley,IT,Lead,Low,3.4
e00a3c9b-07fb-4843-9ac8-afbc13cb3b56,Ashley Turner,Ops,IC,Medium,8.2
113b988d-a646-4c68-8928-c99e56fba2c0,Patrick Reilly,IT,IC,Medium,5.9
41d0aa41-1787-40d6-8009-120d7bf86f79,Jennifer Porter,Sales,IC,Medium,0.9
116f0817-8b28-4072-94c9-2ce1163fe12d,Lisa Mora,Finance,IC,High,1.0
4861b37a-c648-4674-bcc9-848be73fe8fa,Nicole Guerrero,Finance,IC,Low,8.4
1c29be28-9282-48f3-9dd3-8c91ff30feb9,Desiree Hernandez,Ops,IC,Medium,10.5
b5bb2787-5078-462c-bc73-d386850d1d5b,Valerie Alvarado,Sales,IC,High,7.4
14d41eeb-308d-435a-917a-f45914d5a003,Dawn Wong,Sales,Manager,High,1.5
b05cd105-8885-42e6-85ce-3fa41a42912d,John Davis,Ops,IC,High,5.6
ff148255-df8a-4e23-91d3-09fbf41be0a7,Timothy Payne,Finance,Manager,Low,8.9
55393aa0-0042-4848-bf10-82147475a6f7,Ryan Simon,Ops,IC,Medium,10.1
091967e9-0463-4939-a52d-238d95f883a2,Brenda Smith,Sales,Manager,Low,10.2
0a6a94a2-fc61-4eea-8b15-674733546564,Elizabeth Brown,HR,Manager,Medium,11.8
6edda29a-1a32-4e78-b954-ad7841f2c3ba,Larry Ramirez,IT,IC,Low,7.8
a3645d6a-0ac9-4a9d-b395-e10ad1d21773,Christine Brown,Sales,Manager,Medium,3.5
8fe87ac4-fd25-4544-a5af-41a2dd24afee,Edward Bell,HR,IC,Low,1.3
60f7b3e5-b117-4f7b-a287-70f1b74d1165,Maria Hardy,HR,Manager,Low,1.2
160025e3-de88-4418-bc9a-c33886be6d4c,April Robinson,Sales,IC,High,12.0
d476992f-ab28-4167-93c1-212c0477c002,Denise Rodriguez,Ops,IC,High,0.9
679a4025-1ed5-4631-b194-1f378460a7d3,Mercedes Mcgrath,IT,Manager,High,9.8
d476c4cf-717d-4f38-9e80-de909db10074,Misty Carter,Finance,Manager,Medium,8.5
3e77fe2f-0840-4ca8-b535-65ef315d1ed9,Michael Savage,HR,Lead,Medium,7.8
21d591cd-303f-4181-919c-766b1defa74f,Robin Orozco,Sales,IC,High,4.5
662c1cef-a797-46c7-95f1-23e7119bd18f,Amanda Berger,Sales,Manager,Medium,5.6
f2a3db54-2aa9-493e-a760-ad2c3a5fc964,Veronica Smith,Finance,IC,Low,8.5
0541334e-ea96-4f7b-b34c-eb5d54acc2bc,Dr. Mary Sexton,HR,IC,Medium,0.8
a76f9c3f-1dd9-4975-9198-c97040d9642c,Gabrielle Sims,IT,Lead,Medium,1.8
2c4221c0-958d-4f7c-ae37-df7bba37bee9,Amy Villegas,Sales,IC,High,8.3
98f3d98e-6e6e-4c32-b849-89f8663f88c3,Margaret Torres,IT,Manager,High,10.6
4e001db8-c864-4245-9d19-b7b2b0d6b72a,Megan Griffith,Sales,Lead,Low,6.8
f6bd375f-eadd-4afd-b652-0bbe1479110f,Joshua Burns,Sales,Lead,Medium,1.2
36ec24e8-d6a1-4b15-b626-e54d228cdf93,Laurie Walker,Ops,Manager,High,0.8
e63d0cc7-cb64-4ce3-a184-a93120a16961,Deborah Ray,Sales,IC,Medium,3.0
2d42e656-76df-4d1a-8547-c459d8f04904,Brian Sanchez,HR,Lead,Low,7.1
c00f04ce-b2de-4daf-9dde-4387c3f18567,Kristen Moreno,Finance,Manager,Medium,2.8
f7051075-7896-46fd-b8c0-8e71d4284d27,Michael Morgan,Sales,IC,Medium,8.3
1c0936e0-2d50-48ae-bd11-9e86923a9383,Stanley Peterson,HR,IC,High,11.4
87fdd11a-8cf3-45fb-a1cf-43c2154c90ff,Julian Howe,Finance,IC,Medium,1.1
42c415bd-9161-453a-977f-e3fede5fbbfb,Andrew Miller,HR,Lead,Low,1.0
4554bf63-3895-4b20-9e54-c1a599d10e12,William Fields,Sales,Lead,High,10.6
9906ec93-954a-4f03-9244-dfba12381976,Brenda Duarte,Finance,Manager,Low,6.2
64c110d5-ecaf-42c1-a7ae-f35ce99d742b,Eric Perez,Finance,Manager,Medium,4.9
0e19fd79-f953-46f3-a4a7-208008f17cb2,Ashley Tran,HR,Manager,Low,8.0
984f3c44-fb06-4421-8db1-de3f38a446a3,Jesus Coleman,Ops,Lead,Low,4.9
27fe45e1-288c-4599-ae20-91712a56c944,Miguel Richard,Ops,Manager,Medium,11.3
2e85f503-2d96-4467-87ec-7a5fc2620662,Samuel Thompson,HR,Lead,Medium,0.7
5b8b791b-5632-43ec-8e32-520c503232cf,Steven Huerta,IT,Manager,Low,4.9
396b877f-478e-4dfb-9489-21fd6f68bb11,Derek Small,Ops,IC,Low,10.8
f923a38b-f911-438c-8d4b-b006a1185ce1,John Kennedy,HR,Manager,Low,6.1
2fd24d15-5c61-456d-9e71-6d4597a6c5b9,Stephen Klein,HR,IC,Medium,7.0
2d9325bf-7891-456c-adab-00fbd3b4e562,William Zamora,Ops,Lead,High,11.1
7ca1555a-64c5-451a-9fdb-db27208103cd,Michael Saunders,IT,Lead,Medium,1.6
473fa97b-64f3-4a67-92e6-75ea3a969e7d,Sandra Johnson,Ops,Manager,High,8.5
f85de414-28e3-4e15-af81-afedd280db52,Carlos Marquez,Ops,Manager,Low,10.5
ed3eadb8-579b-46ff-9bbd-18d026143957,Shannon Randall,IT,IC,Low,2.8
2dbb06c1-c101-4aac-a713-2ed24a5a5904,Ashley Henry,HR,IC,Medium,7.6
8cadbc74-1bd2-4e8e-b5ec-b0156bff6bfc,Christopher Jefferson,Finance,IC,Low,11.6
1441e007-7cc0-4585-8ec0-c05ac53e36e9,Nicole Hill,Finance,Lead,Medium,1.3
c55b6c89-b67d-45a0-8bd8-31036c61f400,James Benjamin,IT,Lead,High,6.7
9cfdb528-74e2-41fa-b518-cf87057cf3b1,Deborah Doyle,Finance,Lead,High,1.6
48524453-ad5e-40eb-9b0a-7f6a6c197abf,Judy Whitehead,IT,Lead,Medium,5.6
f7152944-24a5-4d85-99eb-df6e8a79e207,Kevin Hopkins,IT,IC,Medium,1.6
1cdbde24-beb8-491b-a317-d1cb669fb9c5,Julie Hurst,Finance,Lead,Medium,2.7
6f011bd1-fbaf-42d1-8ba1-69678dbad555,Charles Chavez,Ops,Manager,Low,7.0
927d788b-c265-45b8-b1e9-985e91c45498,Amy Reyes,Finance,Lead,Low,6.6
60c77d60-04f8-44b4-8ff0-383e134decaf,Gary Meyers,Sales,Manager,Medium,1.6
a9d9e0df-3387-43f8-b8e9-eda26597f0da,Kenneth Valencia,Finance,Lead,Low,4.2
244b0d61-f53c-4252-afae-08343e66f19a,Eileen Jennings,HR,Manager,Low,8.8
58ccc225-e28b-4dc7-8c5d-46dbfbf190f9,Kristen Davis,Sales,Manager,Medium,2.6
46a81a0f-fb1a-478a-b751-7ac9975f95a9,William Fischer,Ops,IC,High,3.7
8d007089-30bb-4c2d-92ef-9d7ca1485386,Timothy Flowers,HR,Lead,High,6.6
88159290-c1d8-4090-8ca0-c5e196e8eb81,Stacey Porter,Sales,IC,Medium,11.6
28f0cf92-be34-4b31-ab7f-cfe88fbf3ce0,Danielle Guerra,IT,IC,High,9.2
c1ed3c46-c6ed-4b77-897f-1edd82817bfd,Eric Miles,Ops,Manager,Low,10.5
eccee6a3-7e4b-4400-8822-ed9696962a79,Erin Bauer,Ops,Manager,Medium,5.4
5e9b03ab-f377-43ef-969d-8346ae16efb1,Brett Cruz,Ops,IC,High,0.6
9ca5a041-504b-406c-be4c-0d8387ee2ee1,Latoya Buckley,HR,Manager,Medium,10.2
28d2d359-2e7e-46c2-9fd3-d7010b2bc4c7,Michael Barnes,IT,Lead,Low,9.1
32faba7b-8285-4a4f-a3a9-8a975d2b4a09,Renee Mccoy,Finance,IC,High,5.9
4b1ccd21-1e05-4070-991e-b40de2a1a32e,Robert Reid,HR,Lead,High,9.3
78838961-ed27-4af4-8b06-baa2dce7a330,Jill Allen,Ops,IC,Medium,7.8
496235b4-8d40-4454-a7cc-35bd57aa12b5,Lisa Hughes,Sales,Manager,Low,0.8
c8f67de3-5c84-4992-97ba-5994c11a8554,Manuel Boone,IT,Lead,Low,9.5
17ef2d88-6c5b-456a-9809-4dc09a652bdb,Kimberly Strickland,Finance,Lead,Medium,7.3
3e5b209e-a632-4819-93e9-243f11ca3863,Monique Conrad,Ops,Lead,Low,10.4
6b234d59-73d9-4f6a-82f9-dc402d8dd968,Katie Perez,HR,Lead,High,5.2
ac3ce310-cc20-4de6-b3ff-208049977ea7,Nicholas Steele,IT,IC,Medium,5.6
afb90298-9ae0-4779-aef5-304f28bba5f3,Miranda Villa,Sales,IC,High,9.9
455ae858-8ba1-4296-85cd-7681e425592b,Ashlee Charles,Ops,IC,Low,11.5
06c3df22-d206-4f0a-b155-010d8cc741db,Chad Anderson,Finance,IC,Medium,1.1
94b6f5e5-0923-4424-8212-9ff04ace5855,Kimberly Campbell,Ops,Lead,Low,1.7
5a77be08-4988-4df8-b877-354b347844e0,Michelle Chen,Sales,Lead,Medium,5.5
63d13139-ed56-407c-88e2-db20df05b91c,Scott Taylor,IT,Manager,High,1.1
8bfac3ac-a0eb-4bc4-9842-31ae412d66e5,Timothy Barry,Sales,Manager,Low,6.8
797efcf5-065e-44f7-bb6d-070b0392128e,Jared Mcdaniel,Ops,Manager,Low,1.0
c26a8331-6d75-4272-bc19-56883289157f,Linda Watson,IT,Lead,High,11.6
ff428561-9f6a-435e-84e9-bb82b9feadf8,Cassidy Smith,IT,Lead,High,4.3
a3b1314c-a1ea-4449-87d8-651302aeff29,Jason Baker,Finance,Manager,Low,5.3
c7bfd0b9-455a-4fcb-956e-14039c04a6ac,Richard Miller,IT,Lead,Medium,9.8
bd98c78f-10dc-4a65-9c57-05de9bdcdc51,Bryan Jackson,HR,IC,High,10.4
c7a24366-01fc-46f0-8367-7b2c2fa298bf,Philip Hart,IT,Manager,Medium,1.9
15ef2f91-0d68-47f2-8787-d856ca662bb5,Christina Campbell,Ops,IC,Medium,6.4
f83d71e3-0fda-4660-940b-129449d2a578,Sonya Harvey,Finance,Lead,Medium,9.1
a0c51775-8e0e-4b7f-8f35-a171c1555827,Sarah Ortega,Finance,Manager,High,1.4
7d9be545-4d1f-4393-866c-10b1b87eac4f,Christopher Gomez,Finance,IC,Low,1.3
c7b4c7e3-f12b-4d1e-b218-5c22d596d9d2,Brian Rodriguez,Sales,Manager,Low,7.0
5a4d75c9-ac0c-4310-80eb-6835111b009c,Austin Mcdonald,Ops,Lead,High,4.3
5df1637b-fb9e-403e-b99e-c27ed5efd391,Kathleen Doyle,HR,IC,Medium,9.1
bad1bf98-df76-4b64-8ead-71856bfd0b7f,David Williams,Finance,IC,Low,9.8
f588ca51-02cf-4ef9-83b8-c9b9e0fb264b,Tyrone Butler,Ops,IC,Medium,8.4
e6050b45-d89f-4686-a73c-8e36e0120209,Emily Mcmahon,Finance,Lead,Medium,0.6
05a79087-aa2d-4939-9340-3c77d73d860a,David Flores,Ops,Lead,Medium,8.4
69f48fd2-61ac-416b-a5d1-e6876f90a681,Mary Lawson,IT,Lead,Medium,1.1
9e067925-7436-4178-a721-40464d37d82b,Terry Williams,IT,Lead,Low,2.3
0de850e6-f16c-4602-b24d-7c36ea44c98c,Stanley Jimenez,IT,IC,Medium,8.5
d047a4ba-4d42-48b2-98b1-5fb9236e7b12,Gregory Singleton,Sales,IC,Low,3.2
d6b8d849-0452-4bfe-abe2-eaf957e46e7b,Laurie Allen,HR,Manager,Low,4.4
c924033c-2f83-4cb1-97e1-e914432684fe,John Porter,HR,Lead,High,3.3
c0377865-1dfb-413a-bc67-49afe397665e,Joshua Jones,Ops,Lead,High,8.2
402765d2-697e-4f79-9f53-a1c6144d70cb,Luis Fields,Sales,Manager,High,9.3
f03f5c72-589b-4dc7-9d6a-235182445d4e,Anthony Rivera,Sales,Manager,Medium,11.9
5ae0c726-112d-4beb-8ab7-e454c063d8b5,Bethany Jackson,Sales,Manager,Low,1.6
43b59791-c7f5-46d1-b992-aebca627dd40,Michael Cunningham,Finance,Manager,High,0.7
e820d650-0866-4d47-bce0-985f08a7e73e,Shelia Thompson,IT,IC,Low,7.5
01afbc96-85d2-4073-960e-93ec3e7189b8,Joshua Hernandez,Finance,IC,Low,10.2
044e54b3-b888-438b-ab22-c3347b7393be,Teresa Gutierrez,Sales,IC,High,11.9
7e9e7930-22d6-4920-baef-d351092f863c,Daniel Walsh,Sales,IC,Low,5.7
26400361-ede2-4c05-86bf-212661ba19db,Hannah Harrison,HR,Lead,Medium,5.6
bc197484-d02e-47f5-838d-bc2f3eec4509,Amy Miller,Ops,IC,Medium,1.0
3f1b40f8-ed05-4cc6-86dc-965e00e33457,Steve Sanchez,Sales,Manager,High,2.7
6130c4c1-548b-435a-bdf3-fc374af264cd,John Moore,HR,Lead,High,4.1
5f11432a-c185-4102-bc4e-ca02b6f9dd41,Barbara Reyes,Sales,Manager,High,6.8
ef3170d2-46c5-415d-b3f3-41c5b75e8011,Ethan Mitchell,Sales,Manager,Low,2.1
a3f0cf54-d9b6-4916-a953-6f1bca04b45a,Jonathon Bryant,Finance,Manager,Low,11.9
5bfdb677-35b5-4b08-8bba-cc29a10dbb8b,Christopher Vega,IT,IC,High,4.0
951925cb-e4c9-471d-b571-24b2ffef000a,Mark Hernandez,Sales,IC,Medium,6.4
9c855656-35e3-4298-9549-ee29d6f47e00,Scott Rivera,Ops,IC,Low,6.1
e7215bcf-82f3-4341-9504-42fd55482601,Randy Turner,Ops,Lead,Low,4.8
eba23d94-51af-4aa4-9c47-0e9f5794bca8,Laura Hill,IT,Lead,Low,2.1
7ee87418-d376-4a97-ad22-8e0b3e8c09ab,Molly Beck,IT,Lead,Low,11.8
6dd3790b-3c9b-480e-9f8e-17ce4572a57b,Gregory Gonzalez,Ops,Lead,Medium,9.0
c826d1b6-18a3-4cf5-bdb4-d90076c80816,Richard Payne,HR,IC,Low,3.8
e572d606-0c90-4bf1-8c69-d44bb6e8da2c,Hannah Leonard,IT,IC,Low,6.8
f3b52f78-bb8e-412d-94d6-e5878d5c3ecd,Carl Perez,Sales,IC,Low,2.8
2ebe6471-99bd-4f3c-9576-8f10c3d43760,Ann Jones,Sales,Lead,High,5.0
830cd55d-227d-4d0d-a8b6-80a18d597219,Walter Mccarthy,HR,Manager,Medium,5.9
328c7a86-0606-421d-86b7-d358bf37ed4b,Morgan Moore,Ops,Manager,Low,7.3
745c4325-c9b4-43c6-990d-eeeba54b498e,Peter Miller,IT,IC,High,4.9
d487b6c7-6901-4fa9-bd36-a500640451f1,Erica Roberts,HR,Manager,Medium,8.8
6601dcea-387b-4384-8ccf-bb5a05d0bd00,Kristen Duran,Sales,Lead,High,4.6
71ebe25b-7748-49d6-8ca9-35cb205b168f,Shannon Porter,Ops,Manager,Low,11.9
993e543f-d6fc-4b21-a98a-06b2937751e1,Erin Ramirez,Ops,Lead,High,8.1
e4c2202b-35ad-44bd-b792-81ea09ab7441,Jamie Williams,Ops,Lead,Medium,4.7
27eeca39-4d91-47e5-bd47-3a3bf03b7cd7,John Kelly,Ops,Lead,High,1.4
5506097f-1e9a-4952-86da-c1f6c3b146cc,Jeremy Hoffman,HR,Lead,High,1.9
c0dd2679-1b07-469a-b4c1-cb7e00bc5771,Joseph Jordan,HR,Lead,Low,11.1
89d2470b-36ee-4881-bcb1-4cc3b6303875,Courtney Cuevas,Ops,Lead,Medium,5.8
b6207bf2-3196-4769-b69b-4d24f7c1c69f,Ryan Flores,IT,Manager,High,9.6
641e32ed-4365-4e5c-aebf-0f5b6e2f2c19,Jay Singh,Finance,IC,Low,4.1
74865acf-5684-4519-ae82-19223a6087f9,Cameron Schwartz,Sales,Manager,Medium,9.4
7cca41b0-63c1-44cd-8cf8-1acca2979f26,Michael Alexander,HR,Lead,High,8.8
38fbd4dc-fccc-4ef5-a2f3-a6cdb70c5111,Scott Johnson MD,Sales,IC,Medium,4.9
400e927e-90f1-4e2a-bc44-b8f0dcc3f3f1,Ian Snyder,Sales,IC,Low,6.4
eb8192ff-e17a-49fc-889e-a818c7cb8757,Mr. Christian Stevens DDS,Sales,Manager,High,10.8
e6c6d2b7-1053-4347-9362-5944ccd9b727,Derek Tanner,HR,Lead,Medium,3.1
7833f0b7-af71-494e-812a-d25e15f726eb,Jose Thomas,IT,IC,Medium,5.4
c01f2c3a-08bb-4e01-9af4-a68dc00c8be4,Justin Kelly,IT,Manager,High,11.2
24922715-c765-4f0a-994d-2d12f148885c,Tricia Jones,Sales,Lead,Medium,1.2
3d65039e-b6e7-464d-8fd3-24d62062df76,Carmen Harrison,IT,Lead,Low,2.7
f0de5696-f1d1-4692-9b51-5b6dea067071,Manuel Schneider,Finance,Lead,High,5.2
8ae00414-24fd-4c95-8855-55313c479e61,William Rivera,Sales,Lead,High,10.2
8174ebd9-cf05-4cd9-8247-dc116c7ee97c,Mark Whitehead,IT,Manager,Medium,10.1
b06d5981-e14d-45b6-b9f7-c4bdd5634a65,Michael Knight,Finance,Manager,Medium,9.8
9077dc24-6b39-4db8-9837-6c196e12b727,Samantha Parker,Ops,IC,Medium,0.7
17fb7d90-f5c6-48cf-a652-91c36713bb00,Sara Ward,Ops,Manager,Low,2.2
a41a2d42-8664-44f7-8b2a-d21ab1926323,Shannon Martin,HR,Lead,Medium,4.4
8dc68e4b-2a67-454d-9c51-1cc75f8d9e1b,William Morris,Ops,IC,High,6.9
d5dd5e1d-18ec-45e6-8b46-a241ef5412c5,Kevin Mack,Ops,Manager,High,1.1
63705af0-bfc4-4634-b864-e457045fbff5,Miranda Foley,Ops,Manager,High,1.2
7f247a03-ce13-4fcb-8ba6-00ed8f28cae6,Eric Gibbs,Sales,Manager,Medium,6.0
ab505eaf-abc2-4af6-9484-fff7547c6750,William Zamora,Finance,Lead,Medium,8.1
7d1548f2-65f9-4041-a11f-d183ff7d6b32,Monica Weaver,HR,IC,Medium,10.6
7a9c6603-ded1-4a53-b740-67ee0ef6ddcf,Brittany Cummings,Finance,IC,Medium,9.3
67c5f055-23fb-4f65-bcf0-48d0bcbad913,Kelsey Guerra,Finance,IC,High,3.8
57035857-1afa-467b-be49-1613f7e5b8fd,Kevin Ortiz,Ops,IC,High,4.2
9d589461-4bfd-4a24-8837-b17e76caf631,Laurie Long,Sales,IC,High,3.6
e1d7b86a-ed82-43df-8782-67f8fdfd78f3,Brian Santos,Sales,Lead,Low,1.5
6361e3c3-6c4d-4455-8ea5-8dd493418d06,Joel Cox,IT,Manager,High,3.1
a5dbc7ff-54f1-4f8f-98d1-c3054a89ca92,Laura Rose,Ops,IC,High,3.4
84d3bb6a-d22f-49c0-9005-62821e190283,Sarah Medina,Finance,Manager,Medium,0.7
e8d91861-582d-4019-b23c-33be5ff4f48d,Hannah Griffin,IT,IC,High,8.1
715dbb5f-3b7f-47fd-a0de-41c5eaa8093b,Meagan Johnson,Ops,Manager,Medium,9.8
49bde47a-9a2e-4e40-bf01-34c878cacedc,Richard Webb PhD,Sales,Manager,Medium,5.8
94ae9eb7-1ab3-4100-9b85-634d3a6d472f,Tami Sanchez,Ops,IC,Medium,0.8
4824ac98-ca8d-4f96-9f24-3a9b41138a5c,Chad Munoz,HR,Manager,High,4.2
0b32e8cc-85e3-4ed9-a556-51ff6d308c88,James Mcdonald,Ops,IC,Low,7.2
2612f853-841b-4727-9397-35e5509095c5,Brooke Shaffer,Ops,IC,Low,11.7
294fa951-836f-4c4e-8d75-eba444bdb966,Hannah Pena,Ops,Manager,Medium,4.5
4023325f-8242-47f6-8eed-b8c9661b440b,Suzanne Reed,Finance,IC,Medium,11.7
3845cfd0-bf62-4e1e-83fb-80bd8a4544dd,Melissa Tran,Finance,Lead,Medium,7.3
a14d8496-4f70-4de9-b308-f366b103ded6,Victoria Rodriguez,Sales,Lead,High,1.5
9c77e081-59f2-49d5-b121-648d27fedbee,Sean Phillips,HR,Lead,Low,6.2
0229b4bd-f7c4-4813-bc5d-94ef7bfec523,Paula Fowler,Ops,Lead,Low,2.7
2c04f4c8-5657-443c-b4b9-0777b0d89e35,Joseph Martin,IT,Lead,Medium,3.3
68527ee5-0a14-4d8e-8cea-1d4c0955279e,Steven Griffin,Finance,Lead,High,8.9
5f2c1966-d0f8-4511-b1b2-6e3445a152a3,Danielle Jones,Sales,Manager,Medium,3.5
d435b104-6dce-4e75-b657-cc4e2e73f4e2,Zachary Green,HR,Lead,Low,5.2
39ecb18d-c979-4be7-b973-eef95ad08174,Andrew Welch DVM,HR,Manager,Low,11.2
fef5fd5f-412c-4687-b7fa-1cd244536f0f,Heather Cervantes,Ops,IC,Low,1.9
e96d8bf5-d297-433c-9a79-f50e37615de2,Rebecca Jones,IT,Lead,Low,10.7
1b469ddb-cf44-4579-8537-aafdcbeea1b0,Dr. Jessica Morris,HR,Lead,High,1.1
853daa4f-8471-44af-8c92-8d2db37687ce,Matthew Hurst,HR,Manager,Medium,2.7
18ab37be-fb47-4388-824d-f134516f27f9,George Dougherty,IT,Manager,Medium,10.8
83e6b0b0-016b-4b66-8f22-66c533f4668e,Michael Bailey,Finance,Manager,High,5.8
2ace6878-49fd-460b-8963-569a7c860331,Anthony Wagner,Ops,Manager,Low,4.6
3e8f5c6d-9bd8-4e9e-ab5e-f9d5c5247389,Christopher Horne,HR,Manager,Low,8.2
f4d3d688-172b-491f-8027-90e4fcedce33,Karen Thomas,HR,Manager,Medium,5.8
20247c99-7be0-4d35-baa1-165a90bbfcfa,Scott Berg,IT,IC,High,9.5
cb7f52f1-2f40-4a0c-9285-6de27989a269,Sylvia Howard,Sales,IC,Medium,5.4
e90c4408-8176-42b1-bc2a-fc6298399937,James Huffman,IT,Manager,Low,6.9
61d2f4ec-35e7-439d-bb1f-c30831d70ec2,Kevin Dunn,HR,Lead,Medium,8.8
d92d3e10-c99b-43b9-b603-4e3145e8cd3b,Melissa Bates,HR,Lead,High,3.6
722cf77e-4564-4c0f-9461-1a2529496611,Melissa Monroe,Ops,Manager,Medium,10.6
ab90df9c-802d-418c-b0c7-eb5b507ac323,Diane Nicholson,Ops,Manager,Low,7.5
e805e686-b38d-4c5f-a86d-663c77abf08b,Mrs. Brandy Wilson DDS,HR,Manager,High,12.0
90528c05-79ac-4f1f-8349-cfe83175e8c9,Lisa Hicks,Finance,Lead,Medium,1.7
38cbf04b-c0ae-407d-a3b9-7eb1854e5653,Cameron Butler,Sales,Manager,Low,7.1
8f2e8119-30ad-49f9-88fb-5d636d6d6e44,Nichole King,Finance,IC,Medium,2.2
a965a50d-9d85-4873-b9d7-2d54b8d840d8,Cindy Smith,Finance,IC,Low,5.5
3a04cbbf-5c0d-44c0-b07b-73d87c655c4c,Frank Kidd,IT,IC,Low,2.7
7c819094-2af2-4e70-9bcb-35d2dee79332,Grace King,HR,IC,Medium,9.7
898f040b-727b-4cf2-bdcc-c0d87b4cb70b,Jonathan Phillips,HR,IC,High,2.9
3a9b79ff-cbce-4000-8d14-375d34bbf645,Ronald Morgan,IT,Lead,Low,7.3
89df8ef3-15cb-4407-a40e-9da017db7db8,Jared Crosby,Finance,IC,Medium,5.9
473ba9b4-8579-4c38-9248-ae05e67f55a8,Charles Thornton,Sales,IC,High,2.1
2a7b55c6-7514-4977-8136-bc4194c2fcbc,Eric Cain,Sales,Manager,Low,1.5
d9847c12-48df-4a9f-bceb-d9d19f315079,Michael Gray,Finance,Manager,Medium,5.3
51fcee43-b173-4bab-b1ff-8f14547ef9af,Abigail Bailey,Finance,Lead,High,6.2
7149bdd2-396f-4552-870f-372bf9638ce9,Nicholas Cook,Ops,Manager,Low,3.6
2ed1e1d8-ce25-4e39-bc93-8394c11f6bd3,Matthew Lindsey,HR,Manager,High,4.6
fcb16bf8-d570-40fb-88f0-eeed6e6a951d,Christopher Miller,HR,IC,Low,9.7
324ebb4d-aa2a-40df-b263-2e49e5321f5a,William Cooper,IT,Lead,Low,1.8
2ecf6f7b-0274-469d-b81f-e9f7495ced7c,Karina Rios,IT,IC,Low,4.3
cc659ce1-73fb-4486-b675-b467c7b37dce,Mary Castro,Sales,Manager,Low,6.5
